ticker,name,sector,industry,marketCap,weight,return_1d,return_ytd,return_1y,return_5y,return_10y
NVDA,Nvidia,Information Technology,Semiconductors,4911068086272.0,7.117629790429687,0.18841972263623497,7.000757284132808,99.1404399699775,1235.2179224179959,22544.83776496932
GOOGL,Alphabet Inc. (Class A),Communication Services,Interactive Media & Services,4081770037248.0,5.91572495115894,-1.2467745666598473,7.141847272527113,123.99443041570004,198.5584024289543,778.0487785508745
GOOG,Alphabet Inc. (Class C),Communication Services,Interactive Media & Services,4057333760000.0,5.880309360934534,-1.1785504042230444,6.443065328365782,119.45715719138677,194.86322879158894,798.544270551228
AAPL,Apple Inc.,Information Technology,"Technology Hardware, Storage & Peripherals",4013268402176.0,5.816445269037546,1.043546864520284,0.8470096438812913,39.22227680412958,110.60785632354224,1025.3827376492093
MSFT,Microsoft,Information Technology,Systems Software,3107254173696.0,4.503355377001938,-1.1163937475598185,-11.400130655742169,14.544190924069799,68.70182715021645,754.7209618273222
AMZN,Amazon,Consumer Discretionary,Broadline Retail,2670065614848.0,3.8697363239104385,-0.9099612075002872,9.615893500793327,43.83871033044149,48.90739657468506,684.4673679432485
AVGO,Broadcom,Information Technology,Semiconductors,1894755205120.0,2.7460759770836725,-1.6997106107321414,15.20290328985736,135.6091207098855,865.984896384521,3307.511704715258
META,Meta Platforms,Communication Services,Interactive Media & Services,1703053492224.0,2.468241950225223,-2.561907626340909,3.240175516551247,34.20335707734728,123.41811232827263,501.47209569983164
TSLA,"Tesla, Inc.",Consumer Discretionary,Automobile Manufacturers,1472829456384.0,2.1345773731552606,-2.026857175416885,-10.402448595503156,62.613418378468054,63.771403773807855,2255.282568499677
WMT,Walmart,Consumer Staples,Consumer Staples Merchandise Retail,1019829747712.0,1.4780431600555284,0.3294103285845562,13.67730056166996,38.441428432712435,191.1257564755558,561.7456264025246
BRK-B,Berkshire Hathaway,Financials,Multi-Sector Holdings,1018431275008.0,1.476016348208444,-0.5267815901923489,-4.985411940618823,-8.901803022795395,76.22156883741806,223.14326675756416
JPM,JPMorgan Chase,Financials,Diversified Banks,854932258816.0,1.239056597720132,2.1592643994152727,-1.668481742957928,39.314880207042414,140.96159821894295,543.8351698143147
LLY,Lilly (Eli),Health Care,Pharmaceuticals,823327784960.0,1.1932521126922975,-0.7691234002657255,-14.710337610669244,10.327998612668598,407.2858267765565,1309.453979081895
XOM,ExxonMobil,Energy,Integrated Oil & Gas,613840650240.0,0.8896416058531044,0.8467564966554431,21.21021910590024,42.86772268473089,223.48938553984107,163.02551787698545
V,Visa Inc.,Financials,Transaction & Payment Processing Services,605288726528.0,0.8772472700571574,-0.9715433344907431,-9.204752335219135,-4.041275217743168,45.87002587526106,314.9786972780701
JNJ,Johnson & Johnson,Health Care,Pharmaceuticals,555939594240.0,0.8057253835887583,-1.4903024782338403,11.847778417628962,50.57945976051905,59.57158799298872,167.40438924535047
ORCL,Oracle Corporation,Information Technology,Application Software,510728273920.0,0.7402004438564387,1.439508915574783,-8.706117818457493,39.450813736870025,139.78024799106308,401.7395075763945
MU,Micron Technology,Information Technology,Semiconductors,505698516992.0,0.7329107978730272,-1.461312279309701,42.22572031535494,553.333305173361,425.58584070669843,4177.046597459891
MA,Mastercard,Financials,Transaction & Payment Processing Services,461077970944.0,0.6682420695562163,-0.8919937632442365,-7.958154464437161,0.4584649027083776,41.22473773727773,459.98035886419126
AMD,Advanced Micro Devices,Information Technology,Semiconductors,448281477120.0,0.6496960620371287,-1.2356773807962962,23.036654005065095,214.22858537946428,246.85255941799085,10083.33360560146
COST,Costco,Consumer Staples,Consumer Staples Merchandise Retail,442910670848.0,0.6419121319329886,-0.20502132863978728,16.93425547820948,0.8857347607789778,183.52926986050647,675.3539334948277
NFLX,Netflix,Communication Services,Movies & Entertainment,400387637248.0,0.5802833364420765,-2.5485518340967683,4.220248442069896,-2.5415450058841715,72.55308799104414,879.9524788929218
BAC,Bank of America,Financials,Diversified Banks,385439531008.0,0.5586189888062252,0.07419943543045537,-3.0295157690944596,47.45644964770399,59.97117216493015,350.7234275541459
CAT,Caterpillar Inc.,Industrials,Construction Machinery & Heavy Transportation Equipment,373798699008.0,0.5417478863956937,0.47190585601064594,33.73240792302747,175.06737906831944,284.5844137010806,1166.3859061292014
CVX,Chevron Corporation,Energy,Integrated Oil & Gas,365055279104.0,0.5290760144351103,-0.40219874507887443,18.69315561060332,38.89648426092545,122.70413650787529,175.62756511585874
ABBV,AbbVie,Health Care,Biotechnology,360236744704.0,0.5220924940706666,-2.2410970628259697,-9.706244334379788,21.59459751160926,125.37206336896345,408.58962250179553
HD,Home Depot (The),Consumer Discretionary,Home Improvement Retail,349595729920.0,0.5066704305813179,0.45506478696781816,2.173547846222834,1.3524511033756736,22.42737300141564,229.8362037938545
PLTR,Palantir Technologies,Information Technology,Application Software,348921561088.0,0.5056933551105387,-0.3415533862180964,-13.088288538555082,55.56622018410125,569.8346868239607,
CSCO,Cisco,Information Technology,Communications Equipment,346550501376.0,0.5022569691870381,1.6927525617074224,15.97220821143952,60.91976145467577,95.39472280899508,317.23919295388
PG,Procter & Gamble,Consumer Staples,Personal Care Products,337634623488.0,0.48933515320960275,-1.6606460928649924,2.6277582851243375,-12.995839936845178,18.99743439072561,130.9981979217279
LRCX,Lam Research,Information Technology,Semiconductor Materials & Equipment,330536845312.0,0.4790483161094255,-1.6591936996028012,42.37290234372517,315.75938757742404,352.80007109766404,3555.5356652939254
INTC,Intel,Information Technology,Semiconductors,329880371200.0,0.4780968856641261,-4.087595695996804,66.83594506409862,247.06812408385807,15.20970437095379,157.51934027383726
KO,Coca-Cola Company (The),Consumer Staples,Soft Drinks & Non-alcoholic Beverages,324985061376.0,0.471002094383573,-0.3432723978994301,9.952257367000117,6.3946264304959755,61.72421986241374,132.72531771122536
GE,GE Aerospace,Industrials,Aerospace & Defense,320505217024.0,0.4645094388031272,-0.17426717876820597,-5.208961407322765,67.88986235072116,377.471605118401,128.6511593484738
AMAT,Applied Materials,Information Technology,Semiconductor Materials & Equipment,310793502720.0,0.4504342140593454,-1.3402547718793012,45.83568483064333,187.44606160087733,217.8124280431253,1972.4355785815337
MS,Morgan Stanley,Financials,Investment Banking & Brokerage,302804926464.0,0.43885633988941364,0.9956517059102499,5.415759011616572,79.35294559991183,189.5246803526453,823.1353895378742
UNH,UnitedHealth Group,Health Care,Managed Health Care,293614977024.0,0.4255373109617695,-0.3542475677500989,-3.093091234425227,-26.757485012975923,-11.12345997425549,184.53102767433685
MRK,Merck & Co.,Health Care,Pharmaceuticals,289517076480.0,0.4195982080053833,-1.6544899855145956,10.819478369360924,55.58183749295254,82.8131236415,195.0502363895774
GS,Goldman Sachs,Financials,Investment Banking & Brokerage,279354310656.0,0.40486927256580707,1.705273267366536,3.5387378749642373,88.66906018475409,219.9734390077039,592.667882356427
GEV,GE Vernova,Industrials,Heavy Electrical Equipment,267526864896.0,0.38772771011804,-1.253553460405754,45.90660654883594,206.7079313328982,,
RTX,RTX Corporation,Industrials,Aerospace & Defense,263528300544.0,0.38193257548524984,-0.32074375760385854,4.908031989555717,54.468985711132504,184.04711519229969,272.17264489105656
WFC,Wells Fargo,Financials,Diversified Banks,252054044672.0,0.3653028924951377,0.6878731524420534,-13.473870474298755,29.422617504575086,116.58216567006492,114.87443342570116
PM,Philip Morris International,Consumer Staples,Tobacco,245546450944.0,0.3558714119762866,-0.1520947110630777,-0.8381584772873318,-0.04746323849720291,112.53159095746281,163.4425065878506
IBM,IBM,Information Technology,IT Consulting & Other Services,238083768320.0,0.345055717461771,0.09468792835767292,-12.46774357764352,8.880229213001666,134.4679700139591,176.4793483609004
KLAC,KLA Corporation,Information Technology,Semiconductor Materials & Equipment,237205209088.0,0.3437824182013066,0.774795992988575,41.83667470388397,186.71530240106827,496.5596087417159,2834.824425109245
C,Citigroup,Financials,Diversified Banks,232773140480.0,0.3373590041896562,0.6582012590290898,12.673558402671837,115.82408568445639,127.1656814730762,282.59534344636216
LIN,Linde plc,Materials,Industrial Gases,230839795712.0,0.33455700021126417,1.2026863007182031,16.47905195403112,11.667089436126776,86.56126080162676,395.9190919936203
AXP,American Express,Financials,Consumer Finance,226513960960.0,0.3282875513340681,-0.5487073203360282,-11.219160177959541,32.63607195653968,141.55463934620212,483.50197108801007
TMUS,T-Mobile US,Communication Services,Wireless Telecommunication Services,221866967040.0,0.32155264524441435,0.34906786452060246,-0.1333862484101611,-23.008270036876276,58.028599535689864,413.8390092022636
MCD,McDonald's,Consumer Discretionary,Restaurants,218181435392.0,0.31621119010867643,-1.4195732008291162,1.7788770131130116,0.880418437974928,47.57752882056651,203.99286821314146
PEP,PepsiCo,Consumer Staples,Soft Drinks & Non-alcoholic Beverages,214596059136.0,0.31101489056623277,-0.43127588233534686,11.36368900810789,14.308695229497959,25.823961604999845,107.52943682422682
TXN,Texas Instruments,Information Technology,Semiconductors,212775288832.0,0.3083760411897588,1.6882732139807732,32.50642427317163,62.40884376284082,45.46429957751445,420.94587016202854
ANET,Arista Networks,Information Technology,Communications Equipment,210142789632.0,0.30456075001479455,1.5953299909495344,24.88772341390262,134.33990625702532,762.4689394192599,4074.5114398862474
VZ,Verizon,Communication Services,Integrated Telecommunication Services,195869245440.0,0.28387404773917735,-0.23630636338224376,18.35226255257765,12.555480460837076,8.47897258532717,52.64310643481336
TMO,Thermo Fisher Scientific,Health Care,Life Sciences Tools & Services,195480289280.0,0.28331033208650175,-0.11013218411987102,-11.133979288305662,23.498385716147553,10.538172382002408,269.6109168939483
NEE,NextEra Energy,Utilities,Multi-Utilities,191868731392.0,0.2780760874045056,0.03261445771041149,14.466063713900867,42.88401203407388,30.042461356908735,311.2581327075083
AMGN,Amgen,Health Care,Biotechnology,188759932928.0,0.27357049388165033,-1.446660373614872,7.613933973274634,30.24107107385483,58.08402711832181,189.6031556883088
DIS,Walt Disney Company (The),Communication Services,Movies & Entertainment,188511043584.0,0.27320977760196224,0.009410232518880512,-4.9619986571992625,26.725140693748074,-40.47633105026791,11.674025864729142
APH,Amphenol,Information Technology,Electronic Components,187820130304.0,0.27220843433855324,1.1584800928658767,9.592739046970378,136.53823987906844,379.04714422744723,1060.796966204054
ADI,Analog Devices,Information Technology,Semiconductors,186030194688.0,0.2696142737935171,2.58445962322027,39.637285708630166,119.47221189566575,168.88519500252923,680.6682441031355
T,AT&T,Communication Services,Integrated Telecommunication Services,183345119232.0,0.2657227836493264,-1.2448129794677576,8.974549824369449,0.6357360513128629,58.50409226727484,80.09566974793564
TJX,TJX Companies,Consumer Discretionary,Apparel Retail,177330487296.0,0.2570057545440263,-0.6161253917733256,3.7992483725831194,26.655585428654092,153.59651973231618,373.2936880948284
BA,Boeing,Industrials,Aerospace & Defense,176901373952.0,0.256383838930748,0.7610336248018434,-1.1810169868497922,39.024095315881446,-3.836621302745691,90.45016100833918
CRM,Salesforce,Information Technology,Application Software,171927207936.0,0.24917476106905215,2.2674892372088307,-26.371788903757075,-24.104147385559592,-17.088623628978617,148.23319223110101
GILD,Gilead Sciences,Health Care,Biotechnology,168642347008.0,0.2444139995426732,-1.2859664925238712,12.369747489817717,33.425166648922854,146.60668068449021,93.21462115508778
ABT,Abbott Laboratories,Health Care,Health Care Equipment,166869696512.0,0.2418448903882678,-0.8366879237895919,-21.820103837148086,-25.20911044164914,-12.120542712347914,163.30198016694254
APP,AppLovin,Information Technology,Application Software,165922390016.0,0.24047195545473576,2.8834825850920565,-20.59775106102282,106.09520146892267,716.2260665011751,
ISRG,Intuitive Surgical,Health Care,Health Care Equipment,165367005184.0,0.23966703409018658,-0.7693752088201444,-17.150072549709584,-3.550562306333427,72.20846044758362,550.1179439623696
SCHW,Charles Schwab Corporation,Financials,Investment Banking & Brokerage,163235938304.0,0.23657847069745216,0.942785823678638,-7.980146782787112,23.829410678896767,56.1375919578639,263.3710706573717
BLK,BlackRock,Financials,Asset Management & Custody Banks,163127296000.0,0.2364210149900852,-0.3535623254826925,-2.838861165792439,22.17985011778898,46.78781374926413,266.00282236989153
DE,Deere & Company,Industrials,Agricultural & Farm Machinery,160657113088.0,0.23284096943310983,0.6875990596331594,27.733269934079896,33.23418455337603,71.47041279419332,729.5321157767095
UBER,Uber,Industrials,Passenger Ground Transportation,159483396096.0,0.2311398969004066,0.4797654356980763,-6.480814273505042,2.9904307069145375,39.671951159223106,
ETN,Eaton Corporation,Industrials,Electrical Components & Equipment,158356897792.0,0.22950725859310397,0.33480610958607215,24.9093851320348,53.769863337977995,219.5795461255127,718.4904225648401
BX,Blackstone Inc.,Financials,Asset Management & Custody Banks,157671800832.0,0.22851434494455175,-0.06972136397117579,-17.827974801777412,2.2943069184125253,92.43056152305682,585.3729915382249
PFE,Pfizer,Health Care,Pharmaceuticals,156543565824.0,0.2268791896254891,-0.1451342850283477,11.123865196404047,33.322435969284946,-9.491024287752737,35.238231638350825
BKNG,Booking Holdings,Consumer Discretionary,"Hotels, Resorts & Cruise Lines",152055824384.0,0.22037508876515322,0.0104183495824417,-9.608848521205104,5.7777395250235175,108.54727312061416,262.2543695108108
UNP,Union Pacific Corporation,Industrials,Rail Transportation,149713780736.0,0.2169807559343605,0.4141089785220764,9.308716551841002,17.192256186998556,27.88966439431839,275.613538831891
WELL,Welltower,Real Estate,Health Care REITs,147563905024.0,0.21386493282935684,-0.508268716750504,12.438825899605877,44.5842962444885,212.72849015743031,339.9697840627839
QCOM,Qualcomm,Information Technology,Semiconductors,146877562880.0,0.2128702145308634,0.969168394857145,-19.989043062132993,2.987119912285352,15.000177364828215,248.89203445132853
HON,Honeywell,Industrials,Industrial Conglomerates,145575477248.0,0.21098309683646208,-1.6313412583212061,17.86838408132163,26.642950652769358,18.800923659240286,173.05161855212415
COP,ConocoPhillips,Energy,Oil & Gas Exploration & Production,142353629184.0,0.20631366009526386,0.35332301747679207,21.36114562796161,35.354703058427916,186.18186935126374,236.17508825972243
GLW,Corning Inc.,Information Technology,Electronic Components,142072463360.0,0.20590616538946915,0.6083464961038842,82.73814933168147,304.318022702158,314.6704033515385,923.147070953323
LOW,Lowe's,Consumer Discretionary,Home Improvement Retail,141858455552.0,0.20559600305352774,0.6237057277197255,3.052991207636624,17.988447666567687,36.685384492187545,297.6282598118109
PANW,Palo Alto Networks,Information Technology,Systems Software,138360963072.0,0.20052707380430027,1.0187616281786438,-5.469140784769833,1.1151500327760466,182.5999959309896,625.080162065499
DHR,Danaher Corporation,Health Care,Life Sciences Tools & Services,138351689728.0,0.20051363391131735,0.38510911424902705,-14.966693603451587,5.361671795243739,-6.684956353692484,401.426442410049
IBKR,Interactive Brokers,Financials,Investment Banking & Brokerage,138140467200.0,0.2002075082923496,-0.5629654750052171,20.983591509518405,104.77993550439626,350.01032104688585,764.975940683976
DELL,Dell Technologies,Information Technology,"Technology Hardware, Storage & Peripherals",135354351616.0,0.19616958030359063,3.9124916418247224,60.511362307724696,145.32018783524578,335.05687724149766,
PLD,Prologis,Real Estate,Industrial REITs,135201406976.0,0.19594791705094838,-0.04824763699100565,13.28692766310251,46.98185483465658,45.65484821014467,328.2627615141943
SNDK,Sandisk,Information Technology,"Technology Hardware, Storage & Peripherals",134762643456.0,0.19531201540062604,-0.8653699592431785,231.717792444981,2817.9290278581393,,
LMT,Lockheed Martin,Industrials,Aerospace & Defense,133963022336.0,0.19415312144827418,-1.842309579620216,17.557577178971286,28.676230864297448,71.76547122821783,234.33575869754387
SPGI,S&P Global,Financials,Financial Exchanges & Data,132290707456.0,0.19172942908649665,0.038408140484702535,-13.437921169382793,-3.593635827430419,21.756924143166835,366.67011390273797
SYK,Stryker Corporation,Health Care,Health Care Equipment,129578893312.0,0.18779918645935872,-1.4505449376928325,-2.563186972057696,-1.413020242177676,37.86573891719798,241.47804493040982
CB,Chubb Limited,Financials,Property & Casualty Insurance,129071218688.0,0.18706341168202906,-0.2539057437307424,6.741958799787806,16.277748349298914,118.6506706003024,221.32338815109622
COF,Capital One,Financials,Consumer Finance,127974866944.0,0.1854744648996179,-0.36808955409631805,-16.711523237462345,28.101014752214624,71.19615108028323,225.90437762465476
WDC,Western Digital,Information Technology,"Technology Hardware, Storage & Peripherals",127907938304.0,0.18537746496528007,0.42682175045170023,99.40812780769635,929.1011865798674,631.2208924754192,1217.0831278832813
PH,Parker Hannifin,Industrials,Industrial Machinery & Supplies & Components,125767196672.0,0.18227487991741065,0.7726552126573472,11.66884101276624,79.26112762185356,240.79605214747457,925.8735216071399
NEM,Newmont,Materials,Gold,124931465216.0,0.18106365111676492,-1.4248958473041862,13.68544789578976,111.20688330644542,102.68091597996309,381.1255268595487
STX,Seagate Technology,Information Technology,"Technology Hardware, Storage & Peripherals",120917696512.0,0.17524648075837734,-1.460520310360569,88.04044864690617,621.4391477759893,665.4336898917602,3188.9782837633047
BMY,Bristol Myers Squibb,Health Care,Pharmaceuticals,120738021376.0,0.17498607689548487,-1.7284313320236055,11.746524739907006,26.11132499521609,9.395496559145244,20.76506270123193
VRT,Vertiv,Industrials,Electrical Components & Equipment,120292786176.0,0.17434079581454723,2.300386350120842,79.08138500138926,329.9940713281206,1350.172191098073,
ACN,Accenture,Information Technology,IT Consulting & Other Services,120046772224.0,0.17398424685149963,-1.3103953543490032,-24.326157822716244,-29.98123477996054,-27.2447940860868,97.48861695962943
PGR,Progressive Corporation,Financials,Property & Casualty Insurance,119203725312.0,0.17276241573244952,0.5923570625904873,-3.882021887239273,-18.249169708746894,128.3872470454,704.0021528473453
SBUX,Starbucks,Consumer Discretionary,Restaurants,112733724672.0,0.16338541902004583,-1.0500030517578085,18.599640641344273,24.761029569142835,-4.5455756488280485,100.63745091414478
INTU,Intuit,Information Technology,Application Software,112653688832.0,0.16326942277053783,2.9446882574102107,-35.36858337231057,-30.280501609457,3.243963982867326,321.646264640982
VRTX,Vertex Pharmaceuticals,Health Care,Biotechnology,111709700096.0,0.16190129627928324,-0.4578466625930422,-2.864223136526356,-10.206504355914703,99.48218812251332,422.14955354753687
CRWD,CrowdStrike,Information Technology,Systems Software,109852942336.0,0.1592102901449701,2.1700628433902303,-4.50416536897319,15.316010736155938,109.65633160700747,
MDT,Medtronic,Health Care,Health Care Equipment,109130219520.0,0.1581628451991824,-1.3806734049175096,-10.78189326775314,6.176163045794492,-22.807249957007826,39.701396340605164
EQIX,Equinix,Real Estate,Data Center REITs,108877365248.0,0.15779638253415532,1.4100398352764998,45.26533141278652,42.95635365997852,67.56789056687363,312.0019060912919
CMCSA,Comcast,Communication Services,Cable & Satellite,108332982272.0,0.15700740620165213,0.33749707830614817,9.908486699887952,-2.6393546935148393,-31.697437056979993,32.675009307715364
MO,Altria,Consumer Staples,Tobacco,108012986368.0,0.15654363491216575,0.6856824902002012,14.626799003917522,18.905306941514198,102.02262083338103,106.45689611510498
HCA,HCA Healthcare,Health Care,Health Care Facilities,106900365312.0,0.15493110895354958,-2.022539983030225,1.7966261508137737,43.68081388929341,158.50658209587755,543.0275233970372
MCK,McKesson Corporation,Health Care,Health Care Distributors,106028425216.0,0.15366740283224617,-0.8472064006672886,4.410032405697395,23.72105562911684,354.1892955722992,422.5344450802322
TT,Trane Technologies,Industrials,Building Products,105822724096.0,0.1533692794110439,0.23734114334488243,20.198778166376407,44.23416584964532,201.91967915604124,1032.3857140413254
SO,Southern Company,Utilities,Electric Utilities,105414205440.0,0.1527772117579768,-1.0580890671852528,8.103352669534413,5.194296140065635,70.49187146183486,184.96328435395122
NOW,ServiceNow,Information Technology,Systems Software,104307122176.0,0.15117271174252003,3.1657329222647856,-32.370292787658194,-35.42789266046271,-7.799842031266014,665.7809770027691
CME,CME Group,Financials,Financial Exchanges & Data,104289189888.0,0.15114672240882782,-0.06952257733232603,9.137397205324248,13.683435036960368,71.87202715454686,354.56643437638746
CEG,Constellation Energy,Utilities,Electric Utilities,104181448704.0,0.1509905726981288,-2.92022353938598,-21.380109950431446,39.83820482643004,,
HWM,Howmet Aerospace,Industrials,Aerospace & Defense,102488293376.0,0.14853667619523064,-0.0273797659471664,20.809782583220148,107.94254477735001,736.3404421820607,
ADBE,Adobe Inc.,Information Technology,Application Software,101350768640.0,0.14688805723779114,1.7099644044811901,-25.403536156967853,-28.71845940820744,-51.648160428885284,158.10235664571493
FCX,Freeport-McMoRan,Materials,Copper,100869996544.0,0.14619127239734828,-0.04272721790066214,35.77852176768281,115.79355622099183,109.50387007736512,528.91652943395
MAR,Marriott International,Consumer Discretionary,"Hotels, Resorts & Cruise Lines",100354949120.0,0.1454448121927354,0.2090356839182128,21.07198867513853,73.44965505105732,177.14201457564704,512.9032011123223
DUK,Duke Energy,Utilities,Electric Utilities,99533914112.0,0.14425488301047423,-0.13277995045392066,9.799876185055712,8.692520157957272,53.09168848629668,146.14489133274887
CVS,CVS Health,Health Care,Health Care Services,98145263616.0,0.1422423065270707,-0.9314375061809987,-3.643982758718345,18.1475025515756,18.804345253031208,0.655153882894588
KKR,KKR & Co.,Financials,Asset Management & Custody Banks,96242335744.0,0.13948438587257056,0.3088800188584484,-19.232485174736734,1.1602870067164872,106.2359372994997,739.1837966884868
FDX,FedEx,Industrials,Air Freight & Logistics,93956177920.0,0.13617104858058476,0.3517011227992306,34.874085075428326,93.93467526793025,54.85109204845142,175.23738204758703
NOC,Northrop Grumman,Industrials,Aerospace & Defense,93312933888.0,0.13523879254091037,-1.2446305467530006,12.536996256803178,23.52881500492785,106.36331427922876,282.5289794142921
BK,BNY Mellon,Financials,Asset Management & Custody Banks,93192822784.0,0.13506471505776946,0.19984382048436888,16.173638025867064,81.05776940931375,234.64219342905622,340.25610867144235
PNC,PNC Financial Services,Financials,Diversified Banks,91577294848.0,0.1327233242314668,0.9875011097424613,9.01825424255749,54.05166566527369,58.630310843651465,258.47784037325107
ICE,Intercontinental Exchange,Financials,Financial Exchanges & Data,91209859072.0,0.13219079815376128,-0.3907249202116936,0.7118128263515988,2.4310813600065595,43.0424958671767,275.8220688332854
UPS,United Parcel Service,Industrials,Air Freight & Logistics,91008466944.0,0.1318989197711712,0.6294608733348417,7.507140214695385,18.666955407173134,-26.170750598033287,46.29580652899412
PWR,Quanta Services,Industrials,Construction & Engineering,90779811840.0,0.13156752905302713,0.513385690709911,37.62027751682726,126.6120611744296,550.7565249740438,2593.7808256896083
BSX,Boston Scientific,Health Care,Health Care Equipment,90641825792.0,0.13136754534507286,-5.044374138456343,-35.603418574559065,-35.880992517466716,48.28592291418008,210.38169395663613
WM,Waste Management,Industrials,Environmental & Facilities Services,90419814400.0,0.13104578338418066,0.10269958949462588,3.0546612968120446,-1.4434526085534416,79.69107077794426,374.2729797568537
GD,General Dynamics,Industrials,Aerospace & Defense,89958072320.0,0.13037657881882556,-1.2340520952260237,-2.432761386281246,22.51693455843169,100.79787327272132,202.12844748781126
CVNA,Carvana,Consumer Discretionary,Automotive Retail,88721596416.0,0.128584549554548,3.731321833310064,0.4347258549344257,90.14709960313148,53.0632383050619,
USB,U.S. Bancorp,Financials,Diversified Banks,88635006976.0,0.12845905514745493,0.12295748190582767,6.7839067415425225,55.54534007555014,25.952866702806034,92.34923605899384
SNPS,Synopsys,Information Technology,Application Software,88300519424.0,0.12797428105700845,2.5290328694242303,-4.052704024919196,11.523759808087464,84.25471302747565,848.8472516120197
CMI,Cummins,Industrials,Construction Machinery & Heavy Transportation Equipment,88024350720.0,0.1275740286963724,1.503554447830746,22.358903658982655,130.10084074398455,175.86779834458977,610.647878610525
CDNS,Cadence Design Systems,Information Technology,Application Software,87935320064.0,0.12744499622557884,2.4016979873390687,2.609538100125386,22.396433212628896,125.98268375396952,1254.7426495076143
WMB,Williams Companies,Energy,Oil & Gas Storage & Transportation,86712795136.0,0.1256731861642606,-0.33731252090308805,17.370599020530577,24.92754811475899,283.07910485609625,540.507537069862
JCI,Johnson Controls,Industrials,Building Products,86289088512.0,0.12505910653099,0.07808661472590295,15.619808074621243,84.73012111282361,153.14785216140118,414.3789111252057
ABNB,Airbnb,Consumer Discretionary,"Hotels, Resorts & Cruise Lines",86084214784.0,0.12476218225218284,1.4411820855891433,7.9542908563242865,27.40905077737914,-15.32111214494094,
SHW,Sherwin-Williams,Materials,Specialty Chemicals,85217173504.0,0.1235055760036743,-0.46881643015947994,5.139855465442111,4.086229618147863,34.52108449086771,277.12755869519043
AMT,American Tower,Real Estate,Telecom Tower REITs,84704468992.0,0.12276251139039807,-0.38385443403121666,4.962853866896366,-15.402680150010639,-16.338946004251053,122.55759329938307
MRSH,Marsh McLennan,Financials,Insurance Brokers,84343717888.0,0.12223967343342934,-0.688285945883027,-3.337944845013674,-19.14630925941537,47.925115199553716,228.0580283783973
EMR,Emerson Electric,Industrials,Electrical Components & Equipment,82545950720.0,0.11963416259007904,0.28698199619359155,8.477397043834078,49.85661236886774,78.8989590302162,243.77681981604775
DASH,DoorDash,Consumer Discretionary,Specialized Consumer Services,82454126592.0,0.11950108152961483,3.2138798638998045,-13.644838778138835,4.723017710853372,31.48596815136211,
HOOD,Robinhood Markets,Financials,Investment Banking & Brokerage,82175655936.0,0.11909749294112702,0.5785140781034759,-20.77510437357478,121.64886073205503,,
MCO,Moody's Corporation,Financials,Financial Exchanges & Data,81865760768.0,0.11864836068701866,1.0014269237886175,-7.630763342954971,9.105868449158216,48.10210388815008,402.7442158997123
ADP,Automatic Data Processing,Industrials,Human Resource & Employment Services,81856380928.0,0.11863476644897498,0.9577483699576339,-19.30471830666727,-29.255455383806318,16.81079738651885,179.0615048747495
CSX,CSX Corporation,Industrials,Rail Transportation,81300291584.0,0.1178288240324854,0.9002756057152839,20.909703988275318,60.316320140315604,42.50036516427915,471.41822710858355
MMM,3M,Industrials,Industrial Conglomerates,79768715264.0,0.11560910460484786,-2.0381812313640113,-6.019447675115219,18.416402082650695,9.379099449474948,48.65013871506019
CRH,CRH plc,Materials,Construction Materials,79228534784.0,0.11482621896589612,1.2900422618256968,-5.90189219602959,40.93458940690808,185.20577808015582,429.6074709915279
REGN,Regeneron Pharmaceuticals,Health Care,Biotechnology,79227478016.0,0.11482468738798551,-0.15455376159021483,-3.3489948111515178,33.799380908594976,49.57233315791525,88.73614847127942
SPG,Simon Property Group,Real Estate,Retail REITs,79006253056.0,0.11450406520600352,0.6449119229056333,14.124786561137492,44.8762109050282,137.0444645312079,70.12414515213825
HLT,Hilton Worldwide,Consumer Discretionary,"Hotels, Resorts & Cruise Lines",78621802496.0,0.11394687953666768,0.5454112177223358,17.09055530116286,63.28920535116425,184.2030012403727,699.2786742972587
ITW,Illinois Tool Works,Industrials,Industrial Machinery & Supplies & Components,78586372096.0,0.11389553012222325,0.1542580236141955,9.98174967076908,21.113957831088094,37.54484646198524,230.65241306230487
SLB,Schlumberger,Energy,Oil & Gas Equipment & Services,78359158784.0,0.11356622899874788,-0.873526558688853,30.616483186175714,53.220253771184936,130.41874196059518,-14.575300138481994
ECL,Ecolab,Materials,Specialty Chemicals,77879771136.0,0.11287145064409489,0.3202346877378526,5.246281566374433,16.676379492504843,31.90350341864161,165.86435813870742
ORLY,O’Reilly Automotive,Consumer Discretionary,Automotive Retail,77836754944.0,0.1128091071122457,-0.939064413632873,2.756260343260264,0.11143775603985606,159.65467125096177,408.97362291177643
RCL,Royal Caribbean Group,Consumer Discretionary,"Hotels, Resorts & Cruise Lines",76978683904.0,0.11156550146693177,-1.12442967953017,0.1813775138023388,48.64316881364985,256.18644924459693,300.52643282113996
MNST,Monster Beverage,Consumer Staples,Soft Drinks & Non-alcoholic Beverages,75551850496.0,0.10949758634289807,0.6647577269496274,1.4049365065308628,32.220516279209185,58.5831666263656,265.7589590058698
GM,General Motors,Consumer Discretionary,Automobile Manufacturers,75127988224.0,0.10888328112838483,-0.9591721375111106,-0.3078531982489974,82.54283749182416,50.03285531870654,207.86456692132634
CI,Cigna,Health Care,Health Care Services,74803240960.0,0.10841262367464924,0.45937364054184915,0.8390853437656443,-13.415034643259716,20.912409341256534,117.98754780439626
MSI,Motorola Solutions,Information Technology,Communications Equipment,74279723008.0,0.1076538871013576,1.1222785022522608,17.605609088910935,7.329684458382757,156.009002906278,589.2234498364087
APO,Apollo Global Management,Financials,Asset Management & Custody Banks,73908109312.0,0.10711530594819157,2.1746100343004393,-12.795763132000104,1.9723782362199183,175.80755738313803,1008.9346127737564
ROST,Ross Stores,Consumer Discretionary,Apparel Retail,73826304000.0,0.10699674519613557,0.1887422798513505,25.169672750909335,65.09854640003832,93.10188315939511,338.6962719697799
MDLZ,Mondelez International,Consumer Staples,Packaged Foods & Meats,73554903040.0,0.10660340274514267,0.10480589221137926,7.746857721322176,-12.034314144540003,10.138072564504409,67.52877578267866
MPWR,Monolithic Power Systems,Information Technology,Semiconductors,73228058624.0,0.10612970588097985,1.5330139367246254,59.545520040831114,186.9071779151625,324.46012911616197,2441.600978401269
TEL,TE Connectivity,Information Technology,Electronic Manufacturing Services,72697004032.0,0.10536004642646535,0.6175364736451083,6.5169992855179215,93.7434459009971,108.34339066848737,381.80650954650616
AEP,American Electric Power,Utilities,Electric Utilities,72446140416.0,0.10499646882680476,-0.2843071019009935,15.99500649685277,27.868344165872983,77.33476425172793,197.58270889336464
TDG,TransDigm Group,Industrials,Aerospace & Defense,71982333952.0,0.10432427234181034,0.6904280185059175,-6.177914003487395,1.8393466871521769,157.41974821439283,788.6973240404002
CTAS,Cintas,Industrials,Diversified Support Services,71491567616.0,0.10361300281105024,-0.2678996106739162,-3.125823872338762,-12.410189731344822,119.01796935783109,779.0665579465026
DLR,Digital Realty,Real Estate,Data Center REITs,71344365568.0,0.10339966231899195,0.14242635884307298,32.424943535722136,39.208957411481094,60.322582793029,230.63072825896555
AON,Aon plc,Financials,Insurance Brokers,71326269440.0,0.1033734355313601,0.045215316329705324,-3.578579951722527,-9.271206935711673,46.41071364154947,247.73795528795347
CIEN,Ciena,Information Technology,Communications Equipment,71210582016.0,0.10320576930458913,-0.8198182453056924,104.53141266646936,736.8307185255757,829.0566845582571,2844.8214424823345
KMI,Kinder Morgan,Energy,Oil & Gas Storage & Transportation,71060717568.0,0.1029885701860119,-0.2498436057537856,16.3836657420799,22.945908895080237,156.0566464292459,178.53973947360453
ELV,Elevance Health,Health Care,Managed Health Care,70451134464.0,0.10210509905823396,-1.1422388425444074,-9.293256638281921,-23.167086741601018,-10.249584965604697,152.31055996538709
EOG,EOG Resources,Energy,Oil & Gas Exploration & Production,69287870464.0,0.10041917608687896,0.5684116078485069,22.49804179080719,21.052639105787318,141.04729304017778,123.52095082284524
NKE,"Nike, Inc.",Consumer Discretionary,"Apparel, Accessories & Luxury Goods",68831625216.0,0.09975793810119835,0.9776249725686581,-26.06113856273149,-14.550791543451702,-60.55240572168283,-11.067541049080809
WBD,Warner Bros. Discovery,Communication Services,Broadcasting,68735590400.0,0.0996187544744857,-0.18201397273511777,-3.8232204273491166,238.10112499472305,-22.69523785556161,-2.6278401105395255
NSC,Norfolk Southern,Industrials,Rail Transportation,68299091968.0,0.09898613562487871,0.5787419709442077,6.133580466721278,41.16151600723419,23.516334160701845,349.7234900086023
VLO,Valero Energy,Energy,Oil & Gas Refining & Marketing,67663659008.0,0.09806520020177603,1.175946771556724,37.719375391731404,111.64060837580685,291.70900532708373,458.56536759620997
PCAR,Paccar,Industrials,Construction Machinery & Heavy Transportation Equipment,67477512192.0,0.0977954169082683,1.6316812345297027,15.313809574026195,49.25835640906602,151.53553150971666,391.0888383007203
CL,Colgate-Palmolive,Consumer Staples,Household Products,67016273920.0,0.09712694251377756,-2.657031632870077,8.175420059403171,-10.877204464457456,14.952512615337632,49.431713684178334
APD,Air Products,Materials,Industrial Gases,65937350656.0,0.09556325489419427,1.4872678709437315,18.97904947143678,15.669512918866847,17.923024586650893,174.80937064028214
COHR,Coherent Corp.,Information Technology,Electronic Components,65149005824.0,0.0944207037092373,0.7217033306016418,78.82468300892671,528.5223440248346,358.6380165788553,1498.4821224666985
LHX,L3Harris,Industrials,Aerospace & Defense,65107959808.0,0.09436121556101212,-0.5080630079312587,14.879194188060874,62.46957858332265,83.25425887418709,431.5877693236184
TFC,Truist Financial,Financials,Diversified Banks,65036881920.0,0.09425820210565325,0.5339142958138199,3.2425329394736746,48.4327655554573,15.476515398456069,115.95621634444622
RSG,Republic Services,Industrials,Environmental & Facilities Services,64401915904.0,0.09333794342627852,0.3804263084856041,-0.5508476704686349,-13.376318681283838,111.60107258256322,432.25312393829734
TRV,Travelers Companies (The),Financials,Property & Casualty Insurance,63959269376.0,0.09269641411758699,-0.009972666979274347,5.850566430689241,19.420073548579953,113.15497821997336,222.75854254721764
LITE,Lumentum,Information Technology,Communications Equipment,63910854656.0,0.09262624647842709,0.11631952965922565,131.82772249118167,1621.3653564453125,873.2629917048067,3507.8597525981954
MPC,Marathon Petroleum,Energy,Oil & Gas Refining & Marketing,63109763072.0,0.09146522137696708,0.20122264535944456,30.309468746680167,71.24387248583454,365.8211275455719,639.8636274363777
COR,Cencora,Health Care,Health Care Distributors,62839246848.0,0.09107316117724817,-1.389054776798515,-4.517066761785216,13.456949377392679,192.0096494248307,372.7487036628851
PSX,Phillips 66,Energy,Oil & Gas Refining & Marketing,62453039104.0,0.09051342881440982,-0.3964923812415977,20.26532470251592,62.93556377743958,150.27972850158378,161.94129191708018
FTNT,Fortinet,Information Technology,Systems Software,61425332224.0,0.0890239692963541,0.9286439030283811,6.060607841760013,-14.07468965553914,103.64890453015035,1241.3445692831692
SRE,Sempra,Utilities,Multi-Utilities,61008191488.0,0.08841940562971408,-0.6807056078486196,4.816640077498957,35.30385682501913,56.35237328652109,149.46549236480266
O,Realty Income,Real Estate,Retail REITs,60534693888.0,0.08773316374419071,-0.2611740336607604,14.755843594682272,17.61757480826933,25.881805316073514,74.03622402976609
AFL,Aflac,Financials,Life & Health Insurance,60118487040.0,0.08712995356500657,0.1309828242018085,4.57116434606748,9.04338069009758,144.50739409903656,325.42018485083605
AZO,AutoZone,Consumer Discretionary,Automotive Retail,59354386432.0,0.08602253962676595,0.2832878226694202,8.43508199219254,-0.5819382671040652,136.60764638363943,361.0385504509517
FIX,Comfort Systems USA,Industrials,Construction & Engineering,59185065984.0,0.08577714285285797,1.7946400505892912,67.48662314193403,384.21747379418144,2042.4206141464151,5301.005799368178
TGT,Target Corporation,Consumer Staples,Consumer Staples Merchandise Retail,58952736768.0,0.08544042723011773,1.830410204100641,30.8367016421766,46.219003142307756,-27.36475366778589,111.76798092134285
TER,Teradyne,Information Technology,Semiconductor Materials & Equipment,58742661120.0,0.0851359637887274,-1.359170661277831,80.84740516028317,428.5623545176612,208.0010979925812,1826.5009656101756
BKR,Baker Hughes,Energy,Oil & Gas Equipment & Services,58682281984.0,0.08504845607562617,-1.0204092050982383,25.993235657206792,55.14929423398196,243.10572187574206,133.32070288661612
KEYS,Keysight Technologies,Information Technology,Electronic Equipment & Instruments,57482465280.0,0.08330955713034029,0.23928286155101564,62.22470622454315,147.4088277260722,134.36364660729896,1133.9470417205127
BDX,Becton Dickinson,Health Care,Health Care Equipment,57463627776.0,0.08328225586363162,0.06307941702452524,4.175035100327018,3.936521792854175,-12.316032769008178,51.76884421156922
AJG,Arthur J. Gallagher & Co.,Financials,Insurance Brokers,57346154496.0,0.08311200138891874,0.6588180631948326,-12.596862970318746,-31.571798162231268,72.49474578967016,480.06949946438533
COIN,Coinbase,Financials,Financial Exchanges & Data,57067638784.0,0.08270834750059751,2.56870208148281,-10.527203325155487,20.91070465564375,-34.0346611647133,
NXPI,NXP Semiconductors,Information Technology,Semiconductors,55931035648.0,0.08106106422156839,2.4579908293285824,0.5462283254362932,32.10686478136402,24.860334402088014,194.51412362446519
ALL,Allstate,Financials,Property & Casualty Insurance,55846920192.0,0.08093915536896365,-0.4672509939460334,6.09294794646833,12.70146385685993,97.56410275271983,300.6392579629499
GWW,W. W. Grainger,Industrials,Industrial Machinery & Supplies & Components,55099564032.0,0.07985600922335298,0.013761173211923605,16.087600244356093,17.02572299481031,196.3929878458722,494.13005900619885
PSA,Public Storage,Real Estate,Self-Storage REITs,54799032320.0,0.07942044746189432,0.9540172677658498,22.019668318695373,9.92336561160505,41.80308847552476,77.06966401519976
D,Dominion Energy,Utilities,Multi-Utilities,54684790784.0,0.07925487676614057,-0.3204052452883466,6.149687029388917,22.44141757773692,-3.0923743455559594,34.89587347943785
AME,Ametek,Industrials,Electrical Components & Equipment,54255288320.0,0.07863239719975566,0.237032434776685,13.414933845095822,51.04532088759577,86.90802645165986,397.0114041087199
VST,Vistra Corp .,Utilities,Electric Utilities,54032465920.0,0.07830945984186231,-2.361434266369755,-3.2756038092941253,38.98449876871797,889.768767536541,
OXY,Occidental Petroleum,Energy,Oil & Gas Exploration & Production,54027550720.0,0.07830233622367348,1.2827637385479207,29.161567031253853,40.16598773626552,150.3035334137381,-3.693953550097384
CTVA,Corteva,Materials,Fertilizers & Agricultural Chemicals,53996953600.0,0.07825799170044806,-0.0622298041351832,18.75853553230238,35.71636107682521,80.59165474736953,
OKE,Oneok,Energy,Oil & Gas Storage & Transportation,52783964160.0,0.07650000145841614,0.32331054503622614,14.242037803074714,2.574245328833258,119.50616763243053,343.23721603078263
FAST,Fastenal,Industrials,Trading Companies & Distributors,52317851648.0,0.07582446280922146,-0.48055354275227113,13.28403574960102,14.040224133467948,100.97753590813441,417.6733076294334
ETR,Entergy,Utilities,Electric Utilities,52033392640.0,0.07541219527924026,-1.6101047740713081,21.891601919580882,40.238659934774,152.2732995572327,348.0594491470975
ADSK,Autodesk,Information Technology,Application Software,52005720064.0,0.07537208930883718,1.3593889877090426,-14.445649858992038,-5.457279683775463,-14.33509913844,313.0493350389743
ZTS,Zoetis,Health Care,Pharmaceuticals,51803512832.0,0.07507902959289746,0.27782642173221905,-2.1251386572441633,-16.25384403362976,-23.836446688634005,173.85836560665123
F,Ford Motor Company,Consumer Discretionary,Automobile Manufacturers,51622629376.0,0.07481687450720023,0.0,-2.4783619638835686,40.51052300480218,49.74484338410352,59.68640335333599
FANG,Diamondback Energy,Energy,Oil & Gas Exploration & Production,51606638592.0,0.0747936990026926,1.7640165309892542,21.141242253586135,36.919587475296844,205.19514369113617,185.98203647367973
GRMN,Garmin,Consumer Discretionary,Consumer Electronics,51527122944.0,0.07467845666944291,0.03738522957053014,32.65425562300934,42.659135183526,115.51741782150664,715.2545625941851
CARR,Carrier Global,Industrials,Building Products,51525599232.0,0.07467624834780436,0.5381634584100237,15.684699709134309,4.402559846859844,55.350338020963655,
MET,MetLife,Financials,Life & Health Insurance,51195879424.0,0.07419838416700107,-0.48668657005763727,-2.5687191667455145,10.285301918956513,47.87297172388569,163.6148213051003
URI,United Rentals,Industrials,Trading Companies & Distributors,51171508224.0,0.07416306289348149,2.0247434054971203,-3.663691088692067,38.53507438114949,170.50744771789743,1297.6967890778747
EA,Electronic Arts,Communication Services,Interactive Home Entertainment,50891595776.0,0.07375738471032495,-0.23058490726634018,-0.4195448577137717,40.25961191974028,48.24311005065163,218.16523945827356
XEL,Xcel Energy,Utilities,Multi-Utilities,50132705280.0,0.07265752180736448,-0.9373484448287006,8.3471995863589,18.152868851217118,31.55127229901018,174.97928716504236
NDAQ,"Nasdaq, Inc.",Financials,Financial Exchanges & Data,50121981952.0,0.07264198044701588,-0.9366909212702668,-8.899257092068725,23.0916540959228,76.48315721319972,381.940882811983
TRGP,Targa Resources,Energy,Oil & Gas Storage & Transportation,49763487744.0,0.07212241341806551,-1.6942698484773144,24.572754696036437,35.73258882574821,694.6848301562744,864.9257372809741
CAH,Cardinal Health,Health Care,Health Care Distributors,49702273024.0,0.0720336946898722,-1.3131514300898428,2.902933745384484,58.534915182013016,288.2018261335918,221.16584110079987
EBAY,eBay Inc.,Consumer Discretionary,Broadline Retail,48422760448.0,0.07017929221200302,2.369799991761856,23.46444115930677,63.958070709934404,89.22844335329665,389.77389921589224
EXC,Exelon,Utilities,Electric Utilities,47475326976.0,0.06880617325166777,-1.3185855505077893,6.551254001536133,1.6746266700459422,69.35514558249882,173.20891061955072
PYPL,PayPal,Financials,Transaction & Payment Processing Services,47377395712.0,0.06866424109560396,1.279271193886089,-11.221525752538032,-15.188317177221188,-80.43522893018407,29.079653467653422
CMG,Chipotle Mexican Grill,Consumer Discretionary,Restaurants,47370612736.0,0.06865441050250337,0.0,-4.427846820731318,-25.61759768935613,16.931779192795716,291.15723174577795
EW,Edwards Lifesciences,Health Care,Health Care Equipment,47300354048.0,0.06855258431684262,0.5556298178864605,-4.558771013916385,13.854332211980491,-9.13756003902968,126.51585138214512
DAL,Delta Air Lines,Industrials,Passenger Airlines,46791122944.0,0.0678145537270865,-0.7111016837005435,3.3934051628260242,76.46326376527016,65.12257608313274,72.758334562654
ODFL,Old Dominion,Industrials,Cargo Ground Transportation,46708408320.0,0.06769467510566558,2.580827754291737,40.51886106963958,46.303348577854294,84.85384678228813,889.3850376909331
ROK,Rockwell Automation,Industrials,Electrical Components & Equipment,46513610752.0,0.0674123542441455,-0.48829738668147993,4.161737226336815,80.82677215244749,71.09061587271457,332.48916394050354
IDXX,Idexx Laboratories,Health Care,Health Care Equipment,46425587712.0,0.06728478211508065,-1.0504883226824302,-12.97481961564404,41.6948191683828,9.542145182641049,619.9160549915543
FITB,Fifth Third Bancorp,Financials,Regional Banks,46178852864.0,0.06692718835469867,1.2713535711333046,7.8191704489282365,54.63822057695682,68.69057643547791,293.55877782723564
NUE,Nucor,Materials,Steel,46069690368.0,0.06676897873107338,3.2623676667911106,19.80510412902603,85.81670729866136,178.07604839605494,402.66961359531075
DDOG,Datadog,Information Technology,Application Software,45908672512.0,0.06653561493555599,2.472162441926873,-3.0126326161197037,42.289981420190294,54.52597297271511,
WAB,Wabtec,Industrials,Construction Machinery & Heavy Transportation Equipment,45060874240.0,0.0653068976522567,0.3379331985184919,22.332313293681704,55.3694573767896,237.20504004257083,243.25335009840128
CBRE,CBRE Group,Real Estate,Real Estate Services,45047099392.0,0.06528693371228252,0.7194321405842974,-4.738121120053584,29.73984232282301,87.44625873851936,397.39245301693063
XYZ,"Block, Inc.",Financials,Transaction & Payment Processing Services,44894289920.0,0.06506546635914048,3.690706110827935,13.415192109086638,37.087193502530354,-69.90224057448128,442.1129770304429
YUM,Yum! Brands,Consumer Discretionary,Restaurants,44731928576.0,0.06483015544131815,-0.595851097683342,8.024320821670639,15.088726541323648,50.55210057442423,226.20300985465022
DHI,D. R. Horton,Consumer Discretionary,Homebuilding,44644483072.0,0.06470342033739047,2.3563172263695087,5.529340542039085,27.957556344774858,75.37631566616427,445.4928017343011
MCHP,Microchip Technology,Information Technology,Semiconductors,43501883392.0,0.063047446244171,2.069574922812434,24.347753843118227,114.71483015640214,19.145179692279157,292.5614755892449
KR,Kroger,Consumer Staples,Food Retail,42964127744.0,0.06226807492352573,-0.43995166595806046,8.371148444117837,-2.7280060192148348,99.9396258804325,125.24234146301949
AMP,Ameriprise Financial,Financials,Asset Management & Custody Banks,42419818496.0,0.06147920544529536,0.0854853398562394,-7.256534114612423,-0.4367422184787806,103.00028208162945,468.5363321802595
AIG,American International Group,Financials,Multi-line Insurance,42146762752.0,0.061083464709512224,-0.15252001285788186,-6.22595148363938,-1.0035952838674422,93.24036966523133,79.77767104386292
STT,State Street Corporation,Financials,Asset Management & Custody Banks,41859403776.0,0.06066699424479961,3.266176331721038,17.13288402742488,89.99204682336226,124.15261204788325,224.1951772892658
MSCI,MSCI Inc.,Financials,Financial Exchanges & Data,41656107008.0,0.06037235546016137,-0.2814133533180385,0.6960442403499023,5.066282667829736,27.783744700186386,737.1272124321233
ED,Consolidated Edison,Utilities,Multi-Utilities,40404758528.0,0.05855877131451416,-0.4357724469216784,10.542636612725742,1.0982016550529439,64.83353375645603,113.68084170356121
PEG,Public Service Enterprise Group,Utilities,Electric Utilities,40301690880.0,0.05840939497744302,-1.0296689733162,0.49248449086449764,-0.01831890809860237,49.82290669168916,147.55197823980657
VTR,Ventas,Real Estate,Health Care REITs,40247959552.0,0.05833152195794219,-0.528786082621413,10.16780186477848,28.03944150878945,80.71419049037614,107.87443574671877
CCL,Carnival,Consumer Discretionary,"Hotels, Resorts & Cruise Lines",40203677696.0,0.05826734409440937,-0.7186827152890429,-5.743532291043463,62.00167182508211,13.312983637124765,-33.71427503058769
TTWO,Take-Two Interactive,Communication Services,Interactive Home Entertainment,40155299840.0,0.05819722988238587,2.2684460336178436,-13.811605388317371,1.9175643883665439,21.894330266079322,489.9075516999946
ARES,Ares Management,Financials,Asset Management & Custody Banks,39298330624.0,0.05695522111481593,0.8405483732638164,-27.62161490142635,-13.08900468023737,154.40566498554617,1063.1251409084603
SATS,EchoStar,Communication Services,Wireless Telecommunication Services,39030018048.0,0.05656635467058501,1.426314691632391,20.44036391762947,521.1954051050647,465.3138191081701,308.1413293286982
HSY,Hershey Company (The),Consumer Staples,Packaged Foods & Meats,38795251712.0,0.05622610692049281,-0.612577430649075,5.645043206140032,18.45277156650187,33.11639314938244,165.3179440104902
VMC,Vulcan Materials Company,Materials,Construction Materials,38491176960.0,0.055785410217589704,1.048986201442803,0.9152349567284723,22.70472896725395,75.79381849326911,195.4126657228919
LVS,Las Vegas Sands,Consumer Discretionary,Casinos & Gaming,38426574848.0,0.0556917821291946,-0.7807091736719673,-11.841152640493613,78.15022688226246,1.978699043692167,41.23243451614751
HIG,Hartford (The),Financials,Property & Casualty Insurance,38333956096.0,0.055557549417123195,-0.643588329557554,1.768276177168726,19.92095854880653,133.85152183026054,269.62978756958915
PCG,PG&E Corporation,Utilities,Multi-Utilities,38208524288.0,0.0553757606172929,0.5214377253442315,6.943889592072017,1.6504060307259927,57.15637128023554,-68.41877090220885
CCI,Crown Castle,Real Estate,Telecom Tower REITs,38190870528.0,0.055350174955298044,-1.2963606557856444,-0.05139966101653792,-11.48956464809613,-39.450172263684415,51.670308759279536
MLM,Martin Marietta Materials,Materials,Construction Materials,37836763136.0,0.0548369657555812,0.8568785388457512,-0.9960688362539716,27.61334473909325,87.73744233835126,298.1673112003201
WEC,WEC Energy Group,Utilities,Electric Utilities,37501054976.0,0.054350422633284524,-0.6300192799081672,9.054553616166249,9.817041574831876,37.32947141598784,178.49327605492385
EME,Emcor,Industrials,Construction & Engineering,37212073984.0,0.05393160137456961,3.1089880203596376,30.27795597001395,119.8206924262394,615.9631116349146,1659.5423762692085
ROP,Roper Technologies,Information Technology,Electronic Equipment & Instruments,37040521216.0,0.053682969290734184,-0.7090848987162279,-16.97257463510191,-34.91934664040088,-13.020907784557279,114.10308784199663
HPE,Hewlett Packard Enterprise,Information Technology,"Technology Hardware, Storage & Peripherals",36967448576.0,0.05357706483366032,5.181538972058863,15.801906685598933,88.3324898674299,104.33935882301913,263.4317871631521
LYV,Live Nation Entertainment,Communication Services,Movies & Entertainment,36650229760.0,0.053117318388450616,-0.3002051788658311,7.418621540441506,22.692968747188914,98.96749829177412,616.6666272586383
SYY,Sysco,Consumer Staples,Food Distributors,36523253760.0,0.05293329158523932,-0.013104113381190441,5.80405111382396,9.356984648744927,8.33583971471581,111.04448169160723
KDP,Keurig Dr Pepper,Consumer Staples,Soft Drinks & Non-alcoholic Beverages,36004651008.0,0.05218167863013651,-0.11308211786292821,-3.5915493055479364,-22.629934644118897,-16.626038736614003,137.38170644789292
IRM,Iron Mountain,Real Estate,Other Specialized REITs,35855122432.0,0.051964966292135505,2.0835090123071165,45.97868345092802,48.146854746931126,273.3557940828545,497.5587181208688
PRU,Prudential Financial,Financials,Life & Health Insurance,35704799232.0,0.05174710230252731,0.9345764230021425,-8.675050125887706,8.644079695776895,35.910793195075016,104.02124626638329
EQT,EQT Corporation,Energy,Oil & Gas Exploration & Production,35583619072.0,0.05157147543243035,-2.530778990802518,6.922326397647205,13.135181182236334,250.12878336276415,66.8296904929167
JBL,Jabil,Information Technology,Electronic Manufacturing Services,34876002304.0,0.050545923739876306,2.670271464048768,37.436593798002285,144.9608151738513,528.0721472984009,1863.8091822867566
HBAN,Huntington Bancshares,Financials,Regional Banks,34753261568.0,0.05036803512100439,1.2462853395754037,-1.4098040024011715,29.599689112121407,40.48721253993652,150.87633910023683
ACGL,Arch Capital Group,Financials,Property & Casualty Insurance,34733039616.0,0.05033872736850588,-0.10246795560362454,3.867459226308201,5.314894874327636,161.2744106265668,333.2613701064885
FISV,Fiserv,Financials,Transaction & Payment Processing Services,34300628992.0,0.049712032994692575,0.26574670267520695,-2.2106983216959586,-69.26099958595198,-48.50674321868335,28.846928409977735
IR,Ingersoll Rand,Industrials,Industrial Machinery & Supplies & Components,33983447040.0,0.04925233997661927,0.24475416900158198,7.859572394577552,19.50715383720847,71.76781464957303,
GEHC,GE HealthCare,Health Care,Health Care Equipment,33833914368.0,0.049035621702269785,-0.6830995328350076,-10.389351746118791,19.162779680044075,,
KVUE,Kenvue,Consumer Staples,Personal Care Products,33752127488.0,0.048917087663782,-0.17036164455254132,2.6668021153610777,-21.601427967510933,,
ON,ON Semiconductor,Information Technology,Semiconductors,33712396288.0,0.04885950508342233,3.071913452283015,50.89946456317848,146.99768783530024,115.51636250462063,767.7484841559
WDAY,"Workday, Inc.",Information Technology,Application Software,33648220160.0,0.04876649437527026,3.3190669059013356,-37.82982330753227,-42.11383586632771,-48.8076170859608,67.7681600544082
EXPE,Expedia Group,Consumer Discretionary,"Hotels, Resorts & Cruise Lines",33481426944.0,0.04852476032838101,2.783626993087518,-3.21877762785302,82.2461443921906,61.940113725790226,165.5803421032512
NRG,NRG Energy,Utilities,Independent Power Producers & Energy Traders,33381287936.0,0.0483796284804807,-6.289872605073732,-5.1091268973088795,62.61132917791752,378.42976153748526,1270.0322551390393
PAYX,Paychex,Industrials,Human Resource & Employment Services,33353295872.0,0.04833905947489535,1.2287921538363333,-13.390418630878475,-33.48944323080549,10.302733130220322,136.16273958635153
RMD,ResMed,Health Care,Health Care Equipment,33008816128.0,0.04783980366230587,-0.8679623750307064,-7.412348134760316,7.167829904938627,14.777111322090741,322.5955562386392
ADM,Archer Daniels Midland,Consumer Staples,Agricultural Products & Services,32947169280.0,0.04775045864934679,1.9838929189910592,16.655936899989786,48.01633608491911,33.93641684457938,136.65057860126652
WAT,Waters Corporation,Health Care,Life Sciences Tools & Services,32945317888.0,0.047747775419829,2.3919201271241475,-12.134780380255295,4.548137173852362,13.278427716846885,146.03033233755784
KMB,Kimberly-Clark,Consumer Staples,Household Products,32707964928.0,0.047403778865664936,-0.30351622164951353,-1.6201875272973898,-27.930433119301767,-16.60892942795229,2.645581403333064
CPRT,Copart,Industrials,Diversified Support Services,32680273920.0,0.04736364618169365,0.9267490329543104,-10.616897240217549,-43.43163849044862,11.336459944609679,530.4388086141278
MTB,M&T Bank,Financials,Regional Banks,32623491072.0,0.047281350582567265,0.4067824932397546,8.414638958444588,41.24144388381723,72.00359826566891,142.64974410193986
AXON,Axon Enterprise,Industrials,Aerospace & Defense,32531025920.0,0.04714734048356426,0.2234066979890148,-28.34324407616693,-27.841227662549883,167.7564944471221,2077.7237328066008
EXR,Extra Space Storage,Real Estate,Self-Storage REITs,32426035200.0,0.04699517703087673,1.0938334694650553,13.501916111601652,8.943574205667915,22.00877529377141,144.84463398479159
UAL,United Airlines Holdings,Industrials,Passenger Airlines,32111071232.0,0.04653869854551114,-2.8388991188724066,-12.476770381018076,49.185519018595244,96.64016930885649,68.78840654883287
CBOE,Cboe Global Markets,Financials,Financial Exchanges & Data,31963152384.0,0.046324319192466976,1.48696119849816,22.990465216427648,40.968355684886035,210.75594301040664,425.66812735671317
OTIS,Otis Worldwide,Industrials,Industrial Machinery & Supplies & Components,31461761024.0,0.04559765077372203,-0.859630290579394,-8.194182907775671,-16.540076753728684,23.696228995258338,
TPR,"Tapestry, Inc.",Consumer Discretionary,"Apparel, Accessories & Luxury Goods",31436249088.0,0.04556067622714778,-1.4372829037146428,19.33200294211257,144.86813264662968,300.6732690093968,401.83530697298255
CHTR,Charter Communications,Communication Services,Cable & Satellite,30985474048.0,0.0449073662348765,3.410534819858335,16.919917750693504,-27.811538644720947,-62.49731873201867,23.437425069475882
ATO,Atmos Energy,Utilities,Gas Utilities,30817966080.0,0.04466459629517562,-0.1661828936158738,10.572017402670774,20.840589186498228,101.71469828868157,224.93394038514117
AEE,Ameren,Utilities,Multi-Utilities,30780436480.0,0.044610204502129706,-1.2776172949189868,11.070628457967334,16.053410229175636,49.90893557877018,212.9557484106656
VICI,Vici Properties,Real Estate,Hotel & Resort REITs,30765504512.0,0.044588563543706904,-0.7928284743939584,3.9019214372762345,-6.127694752255708,24.401296958390507,
HAL,Halliburton,Energy,Oil & Gas Equipment & Services,30712897536.0,0.04451232005186677,-1.2651445528897742,24.519259906563697,67.26861173521075,103.19636541416605,10.272358484864363
DTE,DTE Energy,Utilities,Multi-Utilities,30342979584.0,0.04397619654697588,-0.7552052269815035,12.7762371546855,12.881251901824143,42.510125802946,173.9414456913996
STLD,Steel Dynamics,Materials,Steel,30331131904.0,0.04395902565896657,4.507786765743171,19.27633490975007,79.37544096312328,351.3392963248889,946.5725702257288
NTRS,Northern Trust,Financials,Asset Management & Custody Banks,30067773440.0,0.04357733922823514,-0.10680960356486136,14.791306391220772,84.59274224658482,72.18870481305515,188.5494907423914
RJF,Raymond James Financial,Financials,Investment Banking & Brokerage,30062819328.0,0.04357015921473565,0.3229031256435366,-6.595408990495244,15.595603122420322,93.51746054036,440.4208448638305
IQV,IQVIA,Health Care,Life Sciences Tools & Services,29996171264.0,0.04347356592026944,0.17000327641105706,-21.56897620070295,22.826759786523287,-18.588799520084653,153.52838699369906
TPL,Texas Pacific Land Corporation,Energy,Oil & Gas Exploration & Production,29977165824.0,0.04344602126327266,2.896497974557999,46.09463813482759,1.067902675576815,183.2338177812826,2849.450791999474
DOV,Dover Corporation,Industrials,Industrial Machinery & Supplies & Components,29925554176.0,0.04337122030411576,1.2918183583557896,13.618983783726346,39.25719412387196,63.084013997753765,378.61307098939136
TDY,Teledyne Technologies,Information Technology,Electronic Equipment & Instruments,29908459520.0,0.04334644495368989,1.5570141567423645,24.473264868355038,39.71093642394652,51.708006354171964,610.0615385234915
XYL,Xylem Inc.,Industrials,Industrial Machinery & Supplies & Components,29288814592.0,0.042448391185844564,-0.5367034287863337,-11.845666673254962,10.42801124805235,18.736984768677733,222.675427790976
PPL,PPL Corporation,Utilities,Electric Utilities,29131354112.0,0.042220183108991345,-0.7432109485525196,11.137240220876897,11.877176656490352,60.72449553932102,62.34878797720205
CTSH,Cognizant,Information Technology,IT Consulting & Other Services,29084274688.0,0.04215195071943939,-1.6965757397572445,-25.48395249855796,-11.670981500824196,-18.058619470480807,13.69080267227558
HUBB,Hubbell Incorporated,Industrials,Industrial Machinery & Supplies & Components,29038458880.0,0.04208554969339682,1.9903977068824075,18.289027646098543,63.14303055680603,218.5715413371474,520.1865338043469
Q,Qnity Electronics,Information Technology,Semiconductor Materials & Equipment,28953896960.0,0.04196299377880659,1.3280599505077317,62.61307919482959,,,
FE,FirstEnergy,Utilities,Electric Utilities,28601812992.0,0.041452717135244156,-1.2974006606355393,10.302198433359045,22.475254615466312,67.14645818801954,115.84445237946768
CASY,Casey's,Consumer Staples,Food Retail,28484083712.0,0.041282091638750594,1.8192232929936658,38.27476319747276,67.73370778358712,254.5603839416225,632.5893946848031
SYF,Synchrony Financial,Financials,Consumer Finance,28302245888.0,0.04101855338385505,0.3063639320697531,-6.792782575755241,67.14413418283402,122.19626725196227,222.3873150218206
EL,Estée Lauder Companies (The),Consumer Staples,Personal Care Products,28158642176.0,0.04081042797394582,2.165356419895459,-26.85063721734697,45.199942511725325,-72.93298502214498,-8.414536806092777
WTW,Willis Towers Watson,Financials,Insurance Brokers,28038533120.0,0.040636353458979174,-0.36286017897138034,-8.803768543089586,-6.517193114096475,33.558687299176015,178.85162581795936
CFG,Citizens Financial Group,Financials,Regional Banks,28021360640.0,0.04061146531793197,2.0325915438604403,11.503208178640168,92.2832559564164,89.79286663956796,308.357371299462
DVN,Devon Energy,Energy,Oil & Gas Exploration & Production,27931301888.0,0.040480942823667244,1.6052432553038232,19.288947510234866,52.10777530413966,175.75182934343763,84.99318803657168
CNP,CenterPoint Energy,Utilities,Multi-Utilities,27926228992.0,0.04047359065606153,-0.6976726443268522,10.858554571614064,17.562588006137368,100.1455109696014,186.3875307668243
DG,Dollar General,Consumer Staples,Consumer Staples Merchandise Retail,27846516736.0,0.04035806337808428,-0.17366689309530337,-6.737647272500569,38.63541261799537,-37.197674557824534,75.12036552705526
STZ,Constellation Brands,Consumer Staples,Distillers & Vintners,27821940736.0,0.04032244528714016,-1.5158931929890818,13.947857524870821,-12.142171466457386,-26.961037338142546,19.29070872067735
FOXA,Fox Corporation (Class A),Communication Services,Broadcasting,27544395776.0,0.03992019831341123,-0.49177761844937384,-11.784678792908354,36.267298616094656,82.70131878051042,
EIX,Edison International,Utilities,Electric Utilities,27176286208.0,0.03938669570637898,-0.24028009744920809,18.962740838943382,30.291289428660107,45.28926166269889,54.281551187118616
FOX,Fox Corporation (Class B),Communication Services,Broadcasting,27072860160.0,0.0392367999388149,-0.9225988588625889,-11.610586869108097,31.47103050048694,69.69090637332236,
MTD,Mettler Toledo,Health Care,Life Sciences Tools & Services,26924046336.0,0.03902112349362552,-1.187539900406398,-6.1450045393975365,31.812211950430203,3.739496027273015,268.2577814481185
BIIB,Biogen,Health Care,Biotechnology,26906707968.0,0.03899599493046444,3.3774964918122263,3.104256431396557,54.57380945489163,-32.891658804555476,-31.046678612468902
ROL,"Rollins, Inc.",Industrials,Environmental & Facilities Services,26461188096.0,0.0383503012733067,-0.18181540749290237,-6.682697962578166,-0.4006891815166669,66.30681321810256,416.44320466516496
DOW,Dow Inc.,Materials,Commodity Chemicals,26453207040.0,0.0383387342982726,3.2865225668284648,53.29838024205915,39.461459931489216,-22.692465907292735,
KHC,Kraft Heinz,Consumer Staples,Packaged Foods & Meats,26290970624.0,0.03810360443907924,-1.157099407329809,-7.409565496453485,-19.79659237820648,-31.265812727720686,-55.38031074740929
AWK,American Water Works,Utilities,Water Utilities,26027911168.0,0.03772235136178763,1.2461054494664614,2.9415536895789574,-7.949302647350153,-8.57430017400117,128.3371473754231
CINF,Cincinnati Financial,Financials,Property & Casualty Insurance,25842354176.0,0.03745342290246254,-0.4975433368981652,3.3932672800569996,28.40216145522878,75.59775000028249,229.94499107600657
ES,Eversource Energy,Utilities,Electric Utilities,25756680192.0,0.037329255269257094,-1.068588972952389,1.725439711734933,24.802435079160425,-8.129907210596832,73.8878099123342
PPG,PPG Industries,Materials,Specialty Chemicals,25676421120.0,0.03721293548875634,-0.1044798596271157,10.579183814113847,17.69656341232031,-24.958114867113824,18.83592265762608
ULTA,Ulta Beauty,Consumer Discretionary,Other Specialty Retail,25385807872.0,0.03679174859516788,3.411884737350057,-7.709178357344692,59.955273301013264,80.55151947573007,179.9334680364494
HUM,Humana,Health Care,Managed Health Care,25366155264.0,0.03676326599510956,2.5348527657764075,-20.06644563736969,-19.214660213610955,-50.12302765701675,31.09321295506795
VRSN,Verisign,Information Technology,Internet Services & Infrastructure,25291776000.0,0.03665546784286718,0.64222216530605,15.094169023884941,13.208451418747313,33.2941610166573,212.74638824361142
FICO,Fair Isaac,Information Technology,Application Software,25238216704.0,0.03657784415000297,-0.9417602995402952,-35.286957010082254,-44.2858679605024,103.09589071116218,885.3861858724906
WRB,W. R. Berkley Corporation,Financials,Property & Casualty Insurance,25157400576.0,0.036460717026107474,-0.9426976889887584,-4.4349430919255255,-1.207680213575324,107.95680559407677,392.97886572799854
FIS,Fidelity National Information Services,Financials,Transaction & Payment Processing Services,25030316032.0,0.03627653290966119,-0.3711346498469714,-25.73085939918608,-33.54353993243336,-64.21810900467186,-13.250539136602068
DXCM,Dexcom,Health Care,Health Care Equipment,24935114752.0,0.0361385573298664,1.0003176131991198,-2.88547962507959,-5.760532252912265,-33.5373200605816,285.44589978620405
VRSK,Verisk Analytics,Industrials,Research & Consulting Services,24795054080.0,0.03593556686140162,0.9434450534516081,-18.46667096247373,-38.1785037598499,0.7082519395584352,139.9142588456206
AVB,AvalonBay Communities,Real Estate,Multi-Family Residential REITs,24705120256.0,0.035805225425765856,1.4204389150455965,-1.1941999835522132,-9.903061397098888,8.57931204747382,37.94428689866744
EQR,Equity Residential,Real Estate,Multi-Family Residential REITs,24693487616.0,0.03578836619605231,1.1965539188711016,3.495396800341788,-2.88012930162892,3.898237950782435,35.93930498084579
PHM,PulteGroup,Consumer Discretionary,Homebuilding,24478836736.0,0.03547727185339787,0.6875861495103219,7.224078755688579,35.249666301650336,154.564398138899,648.049775095519
OMC,Omnicom Group,Communication Services,Advertising,24361404416.0,0.035307076742169895,-0.21609021596802336,-2.504624779113085,11.39790888134289,18.67134347955064,32.62594525525735
RF,Regions Financial Corporation,Financials,Regional Banks,24185694208.0,0.03505241926461641,0.6398873464128263,3.7088584802361213,52.81807427267082,73.31992245872314,342.8522549855251
KEY,KeyCorp,Financials,Regional Banks,24127033344.0,0.03496740184970705,1.7889968378258292,6.8146059168048945,62.61840781315271,42.32730095396027,176.20963007957857
WSM,"Williams-Sonoma, Inc.",Consumer Discretionary,Homefurnishing Retail,24043622400.0,0.03484651404904271,1.675978554601265,8.312156303618345,47.24372529016212,164.9224257093301,768.5532491081303
EFX,Equifax,Industrials,Research & Consulting Services,23945967616.0,0.034704982596502,1.136477277375425,-7.028842562393334,-9.496695447041038,7.067466581598536,85.82606793466263
CTRA,Coterra,Energy,Oil & Gas Exploration & Production,23885436928.0,0.03461725523850664,1.7157678767165008,18.981061191813552,25.7116795103014,148.94611295065025,84.9068665092432
JBHT,J.B. Hunt,Industrials,Cargo Ground Transportation,23802386432.0,0.034496889836509476,2.6603575256032075,28.11447343169331,96.83566837709093,56.47140422266712,210.49978109096728
BG,Bunge Global,Consumer Staples,Agricultural Products & Services,23735961600.0,0.03440062007303601,2.6832105407702755,32.948641948271785,59.877495241349024,72.24479139336042,176.06465877644828
CMS,CMS Energy,Utilities,Multi-Utilities,23734220800.0,0.03439809712492747,-0.9131821022156372,10.21941526810144,8.861640921714663,37.56569520368136,156.93485242250748
RL,Ralph Lauren Corporation,Consumer Discretionary,"Apparel, Accessories & Luxury Goods",23620749312.0,0.03423364246268997,0.6823780235577281,7.739728831442894,90.83641288352278,261.85992355569766,400.72147598349204
TSCO,Tractor Supply,Consumer Discretionary,Other Specialty Retail,23585802240.0,0.03418299353736743,-0.44433893734785457,-11.449037717412725,-9.121930323429561,34.470358974993,190.14952366802484
SBAC,SBA Communications,Real Estate,Telecom Tower REITs,23377215488.0,0.03388068795865347,-1.223445251862676,15.290734816121176,-1.6278394605654056,-18.678902821987243,132.30640188337372
DRI,Darden Restaurants,Consumer Discretionary,Restaurants,23240857600.0,0.03368306394922426,0.38792398213780555,9.46098389956207,3.899469390540955,66.34970360674926,325.94517716842057
LEN,Lennar,Consumer Discretionary,Homebuilding,23181596672.0,0.03359717685926101,1.433346069546304,-9.28797532461736,-8.52668798387477,4.296935005996239,128.19992364045606
BRO,Brown & Brown,Financials,Insurance Brokers,23077074944.0,0.033445693118475665,0.08859651138843905,-12.47646293806175,-41.75233672586746,42.018790506514,327.3737688853889
ALB,Albemarle Corporation,Materials,Specialty Chemicals,22972616704.0,0.033294301391091935,-1.4766109577473152,35.6997506824906,274.69311870307445,39.17021784702608,239.62354586859806
CPAY,Corpay,Financials,Transaction & Payment Processing Services,22958127104.0,0.03327330155830612,0.8068316911501672,12.225955769562491,9.26699197792904,18.468831022964217,120.19582445021797
EXE,Expand Energy,Energy,Oil & Gas Exploration & Production,22950821888.0,0.03326271408077299,-0.3652666199497001,-12.552330992044036,-7.539548660047113,164.0721978540279,
L,Loews Corporation,Financials,Multi-line Insurance,22886293504.0,0.033169192846650715,-0.2514582695409273,6.185771765791204,30.50955246709799,109.70225516645881,190.99197482602497
CHD,Church & Dwight,Consumer Staples,Household Products,22872657920.0,0.033149430742525215,-0.34062160509455985,17.19300253703595,-7.1783847061101635,14.892582034924807,135.8592039124106
NI,NiSource,Utilities,Multi-Utilities,22864314368.0,0.03313733840064969,-1.0970866879071561,14.10764339844588,24.96095356799337,115.6478855161517,184.81986938104086
TSN,Tyson Foods,Consumer Staples,Packaged Foods & Meats,22416867328.0,0.03248885169152708,-1.7741461451607043,10.586839385955681,7.6996359403411985,-5.528932334303138,28.14221478088841
SW,Smurfit Westrock,Materials,Paper & Plastic Packaging Products & Materials,22385643520.0,0.032443598906982576,1.0890129408000382,8.781923785833445,6.1969065228437925,-0.3779631162893371,120.4738744477344
VLTO,Veralto,Industrials,Environmental & Facilities Services,22377777152.0,0.032432198149706215,-0.7584110968860136,-8.196265665291913,1.3362055198625322,,
STE,Steris,Health Care,Health Care Equipment,22221463552.0,0.032205652250430386,0.27459603809405486,-9.220202589737703,2.647200924447035,13.017556102591389,246.45075494502916
LH,Labcorp,Health Care,Health Care Services,22181257216.0,0.032147381053645806,-0.5504619013935397,7.234183573732844,25.313154387968773,26.472016754124272,176.30216070492492
LYB,LyondellBasell,Materials,Specialty Chemicals,22135517184.0,0.03208108985005031,3.4857481590501393,56.37005923555063,31.99090694908584,-7.6264329132005315,33.809249445923584
CHRW,C.H. Robinson,Industrials,Air Freight & Logistics,21820301312.0,0.03162424627925254,0.9383183733180145,12.740781847676107,105.65917497987184,107.7722867495595,210.75906226157645
DGX,Quest Diagnostics,Health Care,Health Care Services,21728489472.0,0.0314911830278338,0.6614671612511058,13.9690980375204,22.008606645099317,67.3334818242269,220.44582651305555
MRNA,Moderna,Health Care,Biotechnology,21649676288.0,0.03137695877835025,1.6195065378171947,76.89565480525759,120.8780085598009,-65.18050734938734,
TROW,T. Rowe Price,Financials,Asset Management & Custody Banks,21392951296.0,0.031004886263999484,1.154872219446501,-4.8446963468315785,20.07426057166315,-30.218088232133656,80.88115493502612
DLTR,Dollar Tree,Consumer Staples,Consumer Staples Merchandise Retail,21327003648.0,0.030909308085125185,1.246105627321259,-16.014093529329323,35.51933387306592,-7.813302925926013,31.080420924010866
NTAP,NetApp,Information Technology,"Technology Hardware, Storage & Peripherals",21150865408.0,0.030654030259154433,2.162060808019528,0.8143043995586297,31.770859271143337,59.62778019295134,468.98928153674325
PFG,Principal Financial Group,Financials,Life & Health Insurance,20857372672.0,0.03022867011257702,0.020800949196031482,8.538715949656162,38.495363446335176,87.22188983713923,222.0972598212932
FSLR,First Solar,Information Technology,Semiconductors,20683196416.0,0.02997623579753331,1.0764561150373497,-29.835238002961873,50.40631383350836,142.55292844347088,211.87621789708575
LUV,Southwest Airlines,Industrials,Passenger Airlines,20546918400.0,0.029778727546899673,-2.0608923943603585,1.6964872201537196,72.45242692132206,-24.573331359174986,0.22393653458510077
GPN,Global Payments,Financials,Transaction & Payment Processing Services,20390809600.0,0.029552478465048382,0.6356212063213906,-3.2581695435092706,6.162206863172925,-64.2079707783869,1.1123554529482549
SNA,Snap-on,Industrials,Industrial Machinery & Supplies & Components,20138903552.0,0.029187390064696905,1.7329782860286969,10.934612816163526,30.104354410679356,87.57717883605072,205.0121619258605
WST,West Pharmaceutical Services,Health Care,Health Care Supplies,20038686720.0,0.02904214542617528,1.5599272430106836,0.6709515116439357,38.1779135227647,-11.836621557981076,300.7764311269338
EXPD,Expeditors International,Industrials,Air Freight & Logistics,19932100608.0,0.028887669765750634,1.364558360619772,-1.6791801932759864,41.63921688343149,43.1431522219329,243.03822684926763
NVR,"NVR, Inc.",Consumer Discretionary,Homebuilding,19827230720.0,0.028735681435343583,1.3719667420938775,-2.4990128881985707,-1.2948359564104228,44.652500378435825,306.23756238372926
LULU,Lululemon Athletica,Consumer Discretionary,"Apparel, Accessories & Luxury Goods",19568666624.0,0.028360943500520496,-0.2809667767413315,-20.871875389956486,-33.56300926314477,-47.260427755528625,148.4880148719215
LDOS,Leidos,Industrials,Diversified Support Services,19568117760.0,0.02836014802982275,-0.22555316675682002,-15.406408056192722,12.117897078076778,62.58276630855715,379.0180640606173
IP,International Paper,Materials,Paper & Plastic Packaging Products & Materials,19532746752.0,0.028308884692431424,-0.6463820941629228,-7.433417191008463,-16.90942858161644,-14.334046205527951,40.40560200013357
FTV,Fortive,Industrials,Industrial Machinery & Supplies & Components,19366369280.0,0.028067753184913977,0.743557104322079,10.194477714308414,24.200623982457813,13.893047458429319,
INCY,Incyte,Health Care,Biotechnology,19288483840.0,0.027954873518363572,-0.9200588107613039,-4.436994755712675,66.50060074438042,14.603285466107119,23.48069920598501
DD,DuPont,Materials,Specialty Chemicals,19260129280.0,0.027913779145936794,-0.7391731476240393,15.4602509754471,90.61994809333915,64.54165418825556,88.90525267224092
AMCR,Amcor,Materials,Paper & Plastic Packaging Products & Materials,19248824320.0,0.0278973948241025,-0.6914571061654606,0.34860953232465075,-8.853530084568229,-13.508724107886005,15.10066183709684
PKG,Packaging Corporation of America,Materials,Paper & Plastic Packaging Products & Materials,19039031296.0,0.02759334099075802,0.009374512637960741,1.678497622491859,16.809760879727275,75.70242777985273,355.76552742431096
IFF,International Flavors & Fragrances,Materials,Specialty Chemicals,19017744384.0,0.027562489787651922,-1.8977264946419825,10.0685477630037,5.168565582468609,-39.974661026323176,-20.805969104993814
CNC,Centene Corporation,Health Care,Managed Health Care,18837344256.0,0.02730103519107661,0.3667886063971837,-8.305403320704109,-36.88632472525225,-41.44887483630267,28.34171150320348
GIS,General Mills,Consumer Staples,Packaged Foods & Meats,18828273664.0,0.027287889147343987,-0.6197217484595119,-20.427009924726736,-35.173742296903455,-31.7621821545789,-17.36797351826731
BR,Broadridge Financial Solutions,Industrials,Data Processing & Outsourced Services,18821060608.0,0.027277435237651883,-1.0066286570588945,-26.445015877482938,-30.42671835140687,10.51732519039783,216.83669481496767
EVRG,Evergy,Utilities,Electric Utilities,18807306240.0,0.027257500979420164,-0.8498294941064133,12.69642244274456,23.962080375217298,53.72227945211616,132.32160351204487
LNT,Alliant Energy,Utilities,Electric Utilities,18699216896.0,0.02710084667909943,-0.5904164415281299,11.280242870532886,22.912234689306587,48.29049558235694,179.91687103299734
ZBH,Zimmer Biomet,Health Care,Health Care Equipment,18680854528.0,0.027074234028815685,0.7385572764848192,6.353349711701561,-1.4723228250307918,-40.98618611175714,-7.073235223816809
WY,Weyerhaeuser,Real Estate,Timber REITs,18343325696.0,0.0265850521996149,1.0727074173431106,7.816800421635328,2.008727793239151,-18.627380282157592,17.39761486654732
HPQ,HP Inc.,Information Technology,"Technology Hardware, Storage & Peripherals",17983315968.0,0.02606328872172298,-1.4587475876308265,-10.000692248308596,-13.637739194061705,-29.743547718943596,114.11872425225344
ESS,Essex Property Trust,Real Estate,Multi-Family Residential REITs,17873788928.0,0.02590455076308202,1.400167591138901,1.7283032982775115,-2.315372603253707,4.870667883001367,61.571403301577554
FFIV,"F5, Inc.",Information Technology,Communications Equipment,17838682112.0,0.025853670320168342,1.0068533251762046,22.355139315601424,21.418358836043616,51.68349757607042,223.17825047844687
CF,CF Industries,Materials,Fertilizers & Agricultural Chemicals,17816363008.0,0.025821323157242594,2.893150627796648,45.46230755770924,58.39218128922676,179.2172979813987,339.6570287678816
CDW,CDW Corporation,Information Technology,Technology Distributors,17652772864.0,0.02558423133487306,2.1573598423455964,3.28948239756941,-8.135750023097676,-19.4140515280561,263.93650773039263
VTRS,Viatris,Health Care,Pharmaceuticals,17314938880.0,0.02509460724770972,1.294275043824844,20.361913442814682,105.86101502468908,39.946646901738994,-61.72125414976458
SMCI,Supermicro,Information Technology,"Technology Hardware, Storage & Peripherals",17299884032.0,0.025072788198832203,0.8753501564246369,-6.944443417663281,-8.568710705576743,661.5648830041018,929.6639908627233
LII,Lennox International,Industrials,Building Products,17181233152.0,0.024900827023928235,1.3036082803625115,-0.8019305029963952,-10.154913168124924,56.612346572474095,303.47295164709004
BALL,Ball Corporation,Materials,"Metal, Glass & Plastic Containers",17049763840.0,0.024710288046422668,-0.6978978818373949,20.377380032697157,37.1256797226684,-26.0573788481147,88.91815971516432
CSGP,CoStar Group,Real Estate,Real Estate Services,16978340864.0,0.024606774453703444,0.8559923014571202,-39.01659326466995,-49.736508272006205,-56.11930630532154,118.39394032347874
PTC,PTC Inc.,Information Technology,Application Software,16748702720.0,0.024273959011921586,0.7227669007679793,-17.254559112510826,-1.9573680735448962,-1.0127311461293864,311.42941761692146
INVH,Invitation Homes,Real Estate,Single-Family Residential REITs,16733742080.0,0.024252276499059356,1.5908190414497314,0.27061393180836113,-14.821038930304109,-5.145529368195256,
NWS,News Corp (Class B),Communication Services,Publishing,16450356224.0,0.02384156429238271,0.0667572041884279,1.0767416259305884,0.6118778333619179,26.68971905834625,159.0558480897414
TRMB,Trimble Inc.,Information Technology,Application Software,16258094080.0,0.023562918030578372,0.3030727113551013,-11.272822194105892,19.354285671235715,-12.490554517318309,173.6220513534854
KIM,Kimco Realty,Real Estate,Retail REITs,16226140160.0,0.023516607091915404,-0.5374165574415835,21.28144413573203,22.486298132289107,50.998215163289416,38.5597827221203
DECK,Deckers Brands,Consumer Discretionary,Footwear,16179134464.0,0.023448481556636286,-1.2800021701388942,3.998498554601615,5.100784974966022,103.25148343844259,1041.8093468573363
TXT,Textron,Industrials,Aerospace & Defense,15935862784.0,0.02309590697890318,-0.12007489315433162,5.134972484785005,38.683960964330396,57.990613373998954,132.4406280676831
NDSN,Nordson Corporation,Industrials,Industrial Machinery & Supplies & Components,15791220736.0,0.02288627670465156,0.4221405023204561,17.807018396112873,58.748154156402954,45.35232009095993,300.81212724839236
GPC,Genuine Parts Company,Consumer Discretionary,Distributors,15667932160.0,0.022707594099169018,-1.0545782300569129,-8.369894049828375,1.943337272936585,8.484850534279254,55.98262452828333
MAA,Mid-America Apartment Communities,Real Estate,Multi-Family Residential REITs,15516054528.0,0.022487477265308604,1.1958720885577367,-4.732762751744013,-13.789088667140348,0.40404453968327925,90.30198324636616
HII,Huntington Ingalls Industries,Industrials,Aerospace & Defense,15443333120.0,0.02238208185011783,-0.6636091115698406,12.484784340038836,82.02531330017639,110.87750256678777,229.1137856301359
IEX,IDEX Corporation,Industrials,Industrial Machinery & Supplies & Components,15342416896.0,0.022235823580091418,0.21367640118432618,15.666783411013219,27.833252389971697,-1.2469787758547457,179.1264281510497
APTV,Aptiv,Consumer Discretionary,Automotive Parts & Equipment,15284750336.0,0.022152247213778162,2.0295251943099446,-22.450280548507152,17.63682635477084,-54.954084082214415,-1.022373997683812
J,Jacobs Solutions,Industrials,Construction & Engineering,15218039808.0,0.022055563389997472,-0.04653498953081092,-4.540916990529165,12.12032748664711,21.853472971376142,288.9844697507471
REG,Regency Centers,Real Estate,Retail REITs,15163076608.0,0.021975905013688072,0.2347738053747328,20.52860430887431,17.87853120811358,64.80037608214289,61.72244480953783
NWSA,News Corp (Class A),Communication Services,Publishing,14964268032.0,0.021687770982908493,-0.15379052354995704,-0.42564111452416675,1.188976657082419,2.5591120706362824,132.85827648305263
TYL,Tyler Technologies,Information Technology,Application Software,14869918720.0,0.02155103016359977,0.9690340229903116,-20.627308048152837,-39.33181598211205,-22.46156333939754,146.91647223782712
HST,Host Hotels & Resorts,Real Estate,Hotel & Resort REITs,14830112768.0,0.021493339244880155,0.8049245716796882,18.48553340925885,64.54341274553796,53.66954958755168,103.54185807822658
PNR,Pentair,Industrials,Industrial Machinery & Supplies & Components,14761405440.0,0.021393761451210257,-0.7136599833238888,-13.783048092727125,13.679545406154947,52.546981896048116,179.94137519591197
TKO,TKO Group Holdings,Communication Services,Movies & Entertainment,14576959488.0,0.021126443226413272,-0.8641514848634069,-10.387837945484534,25.503007427431278,250.3970897166573,1164.0741370222224
BEN,Franklin Resources,Financials,Asset Management & Custody Banks,14463377408.0,0.02096182828276653,1.6868319646166308,18.21540148823604,66.47827344060873,21.959474423124426,10.731587534698583
AKAM,Akamai Technologies,Information Technology,Internet Services & Infrastructure,14371913728.0,0.0208292696209695,1.804154101517641,14.71210869206805,32.88865227772118,-7.363821132178138,90.40374853712277
MKC,McCormick & Company,Consumer Staples,Packaged Foods & Meats,14208362496.0,0.020592234193910628,-2.7240995896444686,-21.44768217447727,-28.422206330179,-35.573616819197305,35.339756829576444
EG,Everest Group,Financials,Reinsurance,14164827136.0,0.02052913822989024,-0.24182070885453433,5.485879530531701,1.4185550914493028,47.10982042835159,118.9793283414331
PODD,Insulet Corporation,Health Care,Health Care Equipment,14140413952.0,0.020493756108798625,-1.4038191087857421,-29.00113615734178,-18.61021368177944,-29.14139010426552,495.69984533054827
BBY,Best Buy,Consumer Discretionary,Computer & Electronics Retail,14028375040.0,0.02033137768444575,1.8408626543071849,-1.7646283648483307,14.109931647527208,-29.410681900426937,188.67047131739488
ALGN,Align Technology,Health Care,Health Care Supplies,13726167040.0,0.01989338647236728,0.8365319496086654,22.83535548392257,11.813779573750939,-67.85306948374313,160.58463046865748
MAS,Masco,Industrials,Building Products,13576520704.0,0.019676503464347166,0.15019295790172915,3.870722687421768,10.32741114909015,15.136431283231433,136.26959295317698
COO,Cooper Companies (The),Health Care,Health Care Supplies,13552646144.0,0.019641901973082077,-0.8564066443469298,-14.36321222810112,-12.639923005584109,-30.594843231860935,75.3040390402302
UDR,"UDR, Inc.",Real Estate,Multi-Family Residential REITs,13474543616.0,0.019528707680061666,1.4455843363853749,-0.062484022155939734,-9.171047101913333,-4.916464094265738,44.046258731297925
BF-B,Brown–Forman,Consumer Staples,Distillers & Vintners,13430842368.0,0.01946537129392741,0.37736058933475203,12.968824169387538,-10.507894038953157,-57.2830297812886,-9.90796094756261
HAS,Hasbro,Consumer Discretionary,Leisure Products,13418607616.0,0.019447639420985725,-1.8219292276484889,15.749785266141746,87.64796625783562,20.35874310808321,54.01198252477635
ERIE,Erie Indemnity,Financials,Insurance Brokers,13262279680.0,0.019221072744490184,3.602797031239602,-7.696592993404561,-37.08150059629486,24.636039791403164,237.5406228579302
AVY,Avery Dennison,Materials,Paper & Plastic Packaging Products & Materials,13240498176.0,0.01918950472730383,-0.20872021061517643,-5.189169362065805,2.904924076521831,-5.384318518419729,182.89559762213386
PSKY,Paramount Skydance Corporation,Communication Services,Movies & Entertainment,13140779008.0,0.01904498135512382,0.6814303685325873,-9.854958201022024,9.771117833721066,-64.85806980928915,-73.38293538132628
GNRC,Generac,Industrials,Electrical Components & Equipment,12760263680.0,0.0184934990326004,2.432809172481587,53.97589306087403,94.46830659949448,-30.75819800683064,467.55486268285233
APA,APA Corporation,Energy,Oil & Gas Exploration & Production,12710045696.0,0.018420717916017463,0.6295424274046724,43.1664072524619,134.7841413026635,143.49959305931264,-15.942361193581666
GEN,Gen Digital,Information Technology,Systems Software,12593342464.0,0.01825157947482082,1.4910498237930447,-21.254447841693946,-14.93654144351928,3.787934090059286,135.00266096593995
ALLE,Allegion,Industrials,Building Products,12502295552.0,0.018119624836482714,0.5543152386152217,-9.471558633650845,15.715900718446974,17.028639493325404,154.71154617421172
CLX,Clorox,Consumer Staples,Household Products,12460295168.0,0.018058753519059213,-2.304459380295909,2.4310068663275564,-23.909391463818054,-38.48184084083781,8.649820335786984
PNW,Pinnacle West Capital,Utilities,Multi-Utilities,12459589632.0,0.018057730983031695,-1.0476777755607292,17.950039859024926,13.398744029256404,49.31844958193394,109.39144349286623
DPZ,Domino's,Consumer Discretionary,Restaurants,12424531968.0,0.018006921776299905,-0.6988136646176701,-12.686680405280947,-19.50146149836163,-0.8755790667023811,195.37705454195228
SOLV,Solventum,Health Care,Health Care Technology,12151450624.0,0.017611143938338708,-0.624294013123039,-11.364206667967524,5.704797249365012,,
DOC,Healthpeak Properties,Real Estate,Health Care REITs,11891321856.0,0.01723413831839218,-1.5544067053458344,8.115397456202643,-2.165005041620649,-33.75141461280713,-6.050564446400097
GL,Globe Life,Financials,Life & Health Insurance,11885215744.0,0.017225288706879692,-0.5004573316089722,9.631494987613088,25.68113309477269,52.56455459232099,188.10820368754145
GDDY,GoDaddy,Information Technology,Internet Services & Infrastructure,11838403584.0,0.017157443664066754,2.204852266371593,-26.07998389149728,-48.99871857438247,3.325863503213866,182.61290519468244
HRL,Hormel Foods,Consumer Staples,Packaged Foods & Meats,11743065088.0,0.01701926921659753,0.6606861072203429,-6.327173058295443,-26.762198138081985,-46.84683695545645,-28.096485575592013
ZBRA,Zebra Technologies,Information Technology,Electronic Equipment & Instruments,11673191424.0,0.016918001047694912,1.2242505078886357,-4.430124794524093,4.661936013495405,-52.498197571569015,268.0781736600218
SWK,Stanley Black & Decker,Industrials,Industrial Machinery & Supplies & Components,11665117184.0,0.016906299020732644,5.2985794823818155,-0.675210073818755,37.60382691828765,-56.02779332172487,-9.638274251311152
TTD,Trade Desk (The),Communication Services,Advertising,11447247872.0,0.016590540192251656,7.0315975611402015,-36.1730386351483,-52.14882602422082,-64.9452702414924,
WYNN,Wynn Resorts,Consumer Discretionary,Casinos & Gaming,11344979968.0,0.016442322927223314,-0.36633530262402125,-11.048966500236334,46.829511002593534,-7.785849952823687,23.81236725464124
AIZ,Assurant,Financials,Multi-line Insurance,11265054720.0,0.016326486959124545,-0.6761474022105252,-4.450999179630499,21.591337804118705,59.94628594867475,238.15280582782586
JKHY,Jack Henry & Associates,Financials,Transaction & Payment Processing Services,11136669696.0,0.016140418052032465,-0.12333015994887564,-13.412228424248852,-9.21303627112431,-0.04688388675152533,108.83184292834396
IVZ,Invesco,Financials,Asset Management & Custody Banks,11085623296.0,0.016066436308967282,0.5642938331750225,-6.6393276596971695,102.90718642150667,19.288010042053138,21.262567064825344
IT,Gartner,Information Technology,IT Consulting & Other Services,11002927104.0,0.015946584401114565,1.041262877502569,-34.088513465754275,-61.102950802532916,-18.387921587532674,74.87128064866424
UHS,Universal Health Services,Health Care,Health Care Facilities,10978491392.0,0.01591116963010625,-1.4747011607922134,-18.1851132725649,3.2210971848592562,27.28646790542475,46.1038624743417
CPT,Camden Property Trust,Real Estate,Multi-Family Residential REITs,10966960128.0,0.015894457325017847,1.3152810350889332,-3.8691013764166837,-2.8819740153408713,4.014359040087467,91.81507159799014
MGM,MGM Resorts,Consumer Discretionary,Casinos & Gaming,10776154112.0,0.015617921435101946,2.0989929258569795,7.974786828056901,36.332187010190054,-0.3249808509798502,83.03962622500045
BXP,"BXP, Inc.",Real Estate,Office REITs,10430426112.0,0.01511685652030993,1.4814825523761899,-11.94828207698675,-3.296312092808573,-28.148054369414844,-30.991610711413355
RVTY,Revvity,Health Care,Health Care Equipment,10401063936.0,0.015074301806154442,-0.9897832207721557,-5.084737846774512,1.6086809825894166,-29.93881496571873,86.56952229462114
AES,AES Corporation,Utilities,Independent Power Producers & Energy Traders,10328842240.0,0.014969630625479534,0.06910349013817818,-1.1372931165852695,50.37749918464613,-38.05851196632438,86.69678234310463
SJM,J.M. Smucker Company (The),Consumer Staples,Packaged Foods & Meats,10257592320.0,0.01486636784348404,0.6701564289512518,0.48866091057213623,-14.104268474440772,-14.222973021266016,1.6522646824410847
BLDR,Builders FirstSource,Industrials,Building Products,10102667264.0,0.014641834366346555,3.18644033313471,-12.721014917315166,-21.90867300470525,91.40641678306918,648.5245993649311
DVA,DaVita,Health Care,Health Care Services,9987875840.0,0.014475466715807938,0.960042007834172,30.4078238103598,6.641436215689511,33.092696874083295,99.53234785963055
FRT,Federal Realty Investment Trust,Real Estate,Retail REITs,9762565120.0,0.014148923026206496,-0.17772767298650516,14.65007563875953,25.352990927748763,29.392025289034173,7.355051207464869
BAX,Baxter International,Health Care,Health Care Equipment,9733941248.0,0.014107438338866456,0.6948213494201605,-3.3371417499176714,-33.89651030820655,-75.98543817301577,-48.96169538186809
TECH,Bio-Techne,Health Care,Life Sciences Tools & Services,9477941248.0,0.01373641655819854,2.27925426177944,1.6957353668189068,26.68051051642262,-39.90066628670992,178.57525768855646
NCLH,Norwegian Cruise Line Holdings,Consumer Discretionary,"Hotels, Resorts & Cruise Lines",9229355008.0,0.013376139568298771,-3.4778444506740502,-11.062337057965898,23.687431421905192,-24.261681387357626,-60.19646439778372
CRL,Charles River Laboratories,Health Care,Life Sciences Tools & Services,9156141056.0,0.013270030307201993,0.9027563406789341,-8.339099414833495,74.95519844122948,-42.44501780673304,131.20248384564835
HSIC,Henry Schein,Health Care,Health Care Distributors,9082308608.0,0.01316302465748312,0.40593642952087006,3.0330667017845148,22.277147259564757,12.237670580860716,17.467406835141162
AOS,A. O. Smith,Industrials,Building Products,9075275776.0,0.013152831947124612,1.2033304272896395,-3.5065164321735676,6.020585198575512,6.977260658879536,95.77240389030099
SWKS,Skyworks Solutions,Information Technology,Semiconductors,8943138816.0,0.012961325344815061,0.796740791037176,-6.56104989650853,10.84848747760747,-62.623670709820885,1.3119592461187102
FDS,FactSet,Financials,Financial Exchanges & Data,8749118464.0,0.012680130905421094,1.3535037223827429,-16.778802708147577,-43.96315189562681,-22.232019820214298,66.29305149796396
POOL,Pool Corporation,Consumer Discretionary,Distributors,8538084864.0,0.012374279100527501,1.963799893063789,1.6385522524497098,-22.784039901059604,-35.99944087741515,187.56719598516662
ARE,Alexandria Real Estate Equities,Real Estate,Office REITs,8489985536.0,0.012304568560201368,0.7197171837007632,1.600725332128028,-32.9003443767527,-66.10613295754588,-23.844118978096564
TAP,Molson Coors Beverage Company,Consumer Staples,Brewers,8339156480.0,0.012085971431554569,-0.6727948778514126,-5.599132286825059,-21.600740617194504,-1.9441982568057181,-41.119418713933584
MOS,Mosaic Company (The),Materials,Fertilizers & Agricultural Chemicals,7663283200.0,0.01110642569775979,-1.872198169255801,-2.824523804508583,-8.865992046618087,-16.311693026934403,2.354092035235711
EPAM,EPAM Systems,Information Technology,IT Consulting & Other Services,7141603328.0,0.010350353060853348,0.4263724487650222,-34.20134217357583,-10.369672048026823,-70.4868902860596,70.78853834420116
CAG,Conagra Brands,Consumer Staples,Packaged Foods & Meats,7100007424.0,0.010290067957843303,-0.13458616790996691,-12.527253604536181,-37.00651751861949,-50.85007880289094,-39.49138737498339
CPB,Campbell's Company (The),Consumer Staples,Packaged Foods & Meats,6338594816.0,0.00918654974829971,1.2863290171883923,-20.73893566936086,-40.02357546640564,-48.794283853083975,-51.39891228848903
